Country,Year,SuicideRatePer100000
Afghanistan,2000,7.71
Afghanistan,2001,7.89
Afghanistan,2002,7.85
Afghanistan,2003,7.72
Afghanistan,2004,7.77
Afghanistan,2005,7.64
Afghanistan,2006,7.56
Afghanistan,2007,7.42
Afghanistan,2008,7.17
Afghanistan,2009,6.84
Afghanistan,2010,6.67
Afghanistan,2011,6.42
Afghanistan,2012,6.24
Afghanistan,2013,6.17
Afghanistan,2014,6.02
Afghanistan,2015,5.99
Afghanistan,2016,6.01
Afghanistan,2017,5.95
Afghanistan,2018,5.91
Afghanistan,2019,5.96
Africa,2000,15.6107
Africa,2001,15.2592
Africa,2002,15.0343
Africa,2003,14.8581
Africa,2004,14.609
Africa,2005,14.4522
Africa,2006,14.3229
Africa,2007,14.2351
Africa,2008,14.337
Africa,2009,14.2015
Africa,2010,13.8326
Africa,2011,13.3934
Africa,2012,13.0908
Africa,2013,12.803
Africa,2014,12.4193
Africa,2015,12.1451
Africa,2016,11.8857
Africa,2017,11.6618
Africa,2018,11.4275
Africa,2019,11.2471
Albania,2000,5.23
Albania,2001,4.74
Albania,2002,4.82
Albania,2003,4.94
Albania,2004,4.86
Albania,2005,7.68
Albania,2006,7.83
Albania,2007,8.05
Albania,2008,8.09
Albania,2009,7.96
Albania,2010,7.63
Albania,2011,7.63
Albania,2012,4.82
Albania,2013,4.84
Albania,2014,4.52
Albania,2015,4.23
Albania,2016,4.17
Albania,2017,4.11
Albania,2018,3.94
Albania,2019,3.72
Algeria,2000,4.68
Algeria,2001,4.58
Algeria,2002,4.43
Algeria,2003,4.12
Algeria,2004,3.97
Algeria,2005,3.82
Algeria,2006,3.65
Algeria,2007,3.46
Algeria,2008,3.31
Algeria,2009,3.15
Algeria,2010,3
Algeria,2011,2.94
Algeria,2012,2.89
Algeria,2013,2.85
Algeria,2014,2.78
Algeria,2015,2.72
Algeria,2016,2.61
Algeria,2017,2.54
Algeria,2018,2.58
Algeria,2019,2.6
United States of America,2000,7.73
United States of America,2001,7.98
United States of America,2002,8.02
United States of America,2003,7.93
United States of America,2004,7.9
United States of America,2005,7.88
United States of America,2006,7.87
United States of America,2007,7.93
United States of America,2008,8.09
United States of America,2009,8.15
United States of America,2010,8.13
United States of America,2011,8.28
United States of America,2012,8.26
United States of America,2013,8.23
United States of America,2014,8.41
United States of America,2015,8.55
United States of America,2016,8.72
United States of America,2017,9.16
United States of America,2018,8.97
United States of America,2019,8.99
Angola,2000,17.5554
Angola,2001,17.4593
Angola,2002,17.2385
Angola,2003,17.4684
Angola,2004,17.1937
Angola,2005,16.2643
Angola,2006,17.0635
Angola,2007,15.023
Angola,2008,15.2736
Angola,2009,13.646
Angola,2010,14.2111
Angola,2011,13.4898
Angola,2012,14.1605
Angola,2013,14.156
Angola,2014,13.1431
Angola,2015,13.2696
Angola,2016,12.8709
Angola,2017,12.364
Angola,2018,12.3511
Angola,2019,12.5546
Antigua and Barbuda,2000,2.01
Antigua and Barbuda,2001,1.88
Antigua and Barbuda,2002,1.25
Antigua and Barbuda,2003,1.44
Antigua and Barbuda,2004,1.95
Antigua and Barbuda,2005,1.32
Antigua and Barbuda,2006,0.439
Antigua and Barbuda,2007,0.326
Antigua and Barbuda,2008,0.245
Antigua and Barbuda,2009,0
Antigua and Barbuda,2010,0.131
Antigua and Barbuda,2011,0.161
Antigua and Barbuda,2012,0
Antigua and Barbuda,2013,0
Antigua and Barbuda,2014,0.438
Antigua and Barbuda,2015,0.419
Antigua and Barbuda,2016,0.494
Antigua and Barbuda,2017,0
Antigua and Barbuda,2018,0.323
Antigua and Barbuda,2019,0.32
Argentina,2000,9.2
Argentina,2001,10.3074
Argentina,2002,10.2825
Argentina,2003,9.66
Argentina,2004,8.68
Argentina,2005,8.54
Argentina,2006,8.53
Argentina,2007,8.17
Argentina,2008,8.59
Argentina,2009,8.35
Argentina,2010,8.43
Argentina,2011,8.42
Argentina,2012,8.96
Argentina,2013,8.45
Argentina,2014,9.16
Argentina,2015,8.1
Argentina,2016,8.06
Argentina,2017,8.69
Argentina,2018,8.99
Argentina,2019,8.14
Armenia,2000,3.28
Armenia,2001,3.07
Armenia,2002,3.1
Armenia,2003,2.49
Armenia,2004,3.64
Armenia,2005,3.81
Armenia,2006,5.36
Armenia,2007,5.02
Armenia,2008,4.23
Armenia,2009,4.06
Armenia,2010,5.86
Armenia,2011,5.74
Armenia,2012,6.39
Armenia,2013,5.31
Armenia,2014,4.63
Armenia,2015,4.7
Armenia,2016,4.43
Armenia,2017,2.43
Armenia,2018,1.65
Armenia,2019,2.66
Australia,2000,11.8476
Australia,2001,11.1879
Australia,2002,10.3849
Australia,2003,9.61
Australia,2004,9.21
Australia,2005,10.0728
Australia,2006,9.53
Australia,2007,9.82
Australia,2008,10.4492
Australia,2009,10.0127
Australia,2010,10.4083
Australia,2011,10.0623
Australia,2012,10.4771
Australia,2013,10.244
Australia,2014,11.3146
Australia,2015,11.8127
Australia,2016,10.9183
Australia,2017,11.7932
Australia,2018,11.2611
Australia,2019,11.2523
Austria,2000,15.8195
Austria,2001,14.6853
Austria,2002,15.1121
Austria,2003,14.2473
Austria,2004,13.6298
Austria,2005,13.2843
Austria,2006,12.4933
Austria,2007,12.1626
Austria,2008,11.6692
Austria,2009,11.8926
Austria,2010,12.2086
Austria,2011,12.2841
Austria,2012,11.7788
Austria,2013,11.4524
Austria,2014,12.043
Austria,2015,11.3898
Austria,2016,11.1316
Austria,2017,10.7721
Austria,2018,11.188
Austria,2019,10.4022
Azerbaijan,2000,3.42
Azerbaijan,2001,3.72
Azerbaijan,2002,3.88
Azerbaijan,2003,4.04
Azerbaijan,2004,4.5
Azerbaijan,2005,4.69
Azerbaijan,2006,4.85
Azerbaijan,2007,5
Azerbaijan,2008,4.79
Azerbaijan,2009,4.64
Azerbaijan,2010,4.53
Azerbaijan,2011,4.44
Azerbaijan,2012,4.31
Azerbaijan,2013,4.19
Azerbaijan,2014,4.1
Azerbaijan,2015,3.99
Azerbaijan,2016,3.92
Azerbaijan,2017,3.91
Azerbaijan,2018,3.92
Azerbaijan,2019,3.97
Bahamas,2000,2.53
Bahamas,2001,2.73
Bahamas,2002,2.44
Bahamas,2003,2.51
Bahamas,2004,3.34
Bahamas,2005,3.15
Bahamas,2006,3.57
Bahamas,2007,3.32
Bahamas,2008,3.4
Bahamas,2009,3.39
Bahamas,2010,3.66
Bahamas,2011,3.77
Bahamas,2012,3.58
Bahamas,2013,3.17
Bahamas,2014,3.28
Bahamas,2015,3.42
Bahamas,2016,3.49
Bahamas,2017,3.28
Bahamas,2018,3.4
Bahamas,2019,3.37
Bahrain,2000,7.04
Bahrain,2001,8.9
Bahrain,2002,9.19
Bahrain,2003,9.93
Bahrain,2004,9.78
Bahrain,2005,9.62
Bahrain,2006,7.83
Bahrain,2007,8.72
Bahrain,2008,8.28
Bahrain,2009,7.65
Bahrain,2010,7.16
Bahrain,2011,6.88
Bahrain,2012,6.44
Bahrain,2013,6.15
Bahrain,2014,6.37
Bahrain,2015,6.32
Bahrain,2016,6.48
Bahrain,2017,6.73
Bahrain,2018,7.04
Bahrain,2019,7.2
Bangladesh,2000,6.87
Bangladesh,2001,6.45
Bangladesh,2002,6.1
Bangladesh,2003,5.81
Bangladesh,2004,5.56
Bangladesh,2005,5.57
Bangladesh,2006,5.6
Bangladesh,2007,5.48
Bangladesh,2008,5.25
Bangladesh,2009,5.06
Bangladesh,2010,4.82
Bangladesh,2011,4.34
Bangladesh,2012,4
Bangladesh,2013,3.8
Bangladesh,2014,3.73
Bangladesh,2015,3.64
Bangladesh,2016,3.6
Bangladesh,2017,3.68
Bangladesh,2018,3.75
Bangladesh,2019,3.85
Barbados,2000,2.6
Barbados,2001,1.52
Barbados,2002,0.291
Barbados,2003,0.797
Barbados,2004,0.96
Barbados,2005,2.17
Barbados,2006,1.33
Barbados,2007,1.26
Barbados,2008,0.723
Barbados,2009,1.13
Barbados,2010,1.22
Barbados,2011,0.644
Barbados,2012,0.213
Barbados,2013,0.097
Barbados,2014,0.32
Barbados,2015,0.313
Barbados,2016,0.327
Barbados,2017,0.316
Barbados,2018,0.313
Barbados,2019,0.305
Belarus,2000,37.2581
Belarus,2001,38.3293
Belarus,2002,38.7155
Belarus,2003,37.0916
Belarus,2004,36.0549
Belarus,2005,37.2498
Belarus,2006,34.7593
Belarus,2007,30.9091
Belarus,2008,30.5771
Belarus,2009,30.4129
Belarus,2010,29.8878
Belarus,2011,30.1626
Belarus,2012,24.6284
Belarus,2013,22.8161
Belarus,2014,21.5857
Belarus,2015,19.5525
Belarus,2016,19.3953
Belarus,2017,18.4619
Belarus,2018,17.9443
Belarus,2019,16.4924
Belgium,2000,18.3015
Belgium,2001,18.4477
Belgium,2002,17.1173
Belgium,2003,17.8873
Belgium,2004,16.6673
Belgium,2005,16.7429
Belgium,2006,16.5796
Belgium,2007,15.0791
Belgium,2008,16.5806
Belgium,2009,16.7053
Belgium,2010,16.517
Belgium,2011,16.7076
Belgium,2012,16.4241
Belgium,2013,15.3826
Belgium,2014,15.1285
Belgium,2015,14.4114
Belgium,2016,15.0211
Belgium,2017,14.5945
Belgium,2018,14.3193
Belgium,2019,13.9283
Belize,2000,10.0134
Belize,2001,8.19
Belize,2002,8.09
Belize,2003,8.17
Belize,2004,8.84
Belize,2005,7.09
Belize,2006,7.19
Belize,2007,6.69
Belize,2008,5.7
Belize,2009,7.48
Belize,2010,8.18
Belize,2011,7.92
Belize,2012,7.35
Belize,2013,6.83
Belize,2014,6.89
Belize,2015,6.87
Belize,2016,6.67
Belize,2017,7.71
Belize,2018,7.16
Belize,2019,7.65
Benin,2000,14.7191
Benin,2001,14.8317
Benin,2002,14.8633
Benin,2003,14.8142
Benin,2004,14.8483
Benin,2005,14.6921
Benin,2006,14.5722
Benin,2007,14.3388
Benin,2008,13.9696
Benin,2009,14.2446
Benin,2010,14.1401
Benin,2011,14.1437
Benin,2012,13.9407
Benin,2013,13.8374
Benin,2014,13.6455
Benin,2015,13.3759
Benin,2016,13.2741
Benin,2017,13.1069
Benin,2018,12.9745
Benin,2019,12.7127
Bhutan,2000,6.91
Bhutan,2001,6.82
Bhutan,2002,6.46
Bhutan,2003,6.35
Bhutan,2004,6.12
Bhutan,2005,5.99
Bhutan,2006,5.85
Bhutan,2007,5.67
Bhutan,2008,5.52
Bhutan,2009,5.38
Bhutan,2010,5.24
Bhutan,2011,5.21
Bhutan,2012,5.22
Bhutan,2013,5.2
Bhutan,2014,5.19
Bhutan,2015,5.16
Bhutan,2016,5.05
Bhutan,2017,5.14
Bhutan,2018,5.11
Bhutan,2019,5.07
Bolivia,2000,8.37
Bolivia,2001,8.05
Bolivia,2002,7.93
Bolivia,2003,7.72
Bolivia,2004,7.53
Bolivia,2005,7.41
Bolivia,2006,7
Bolivia,2007,7.17
Bolivia,2008,7.01
Bolivia,2009,6.99
Bolivia,2010,7
Bolivia,2011,7.05
Bolivia,2012,6.9
Bolivia,2013,6.87
Bolivia,2014,7.04
Bolivia,2015,7.2
Bolivia,2016,7.43
Bolivia,2017,7.17
Bolivia,2018,6.97
Bolivia,2019,6.82
Bosnia and Herz.,2000,8.13
Bosnia and Herz.,2001,8.35
Bosnia and Herz.,2002,8.53
Bosnia and Herz.,2003,8.45
Bosnia and Herz.,2004,8.4
Bosnia and Herz.,2005,8.95
Bosnia and Herz.,2006,8.77
Bosnia and Herz.,2007,9.36
Bosnia and Herz.,2008,8.72
Bosnia and Herz.,2009,8.54
Bosnia and Herz.,2010,8.3
Bosnia and Herz.,2011,8.35
Bosnia and Herz.,2012,8.11
Bosnia and Herz.,2013,8.23
Bosnia and Herz.,2014,8.2
Bosnia and Herz.,2015,8.33
Bosnia and Herz.,2016,8.13
Bosnia and Herz.,2017,8.07
Bosnia and Herz.,2018,8.18
Bosnia and Herz.,2019,8.25
Botswana,2000,46.2526
Botswana,2001,44.6795
Botswana,2002,42.1921
Botswana,2003,40.3419
Botswana,2004,40.944
Botswana,2005,43.434
Botswana,2006,40.9431
Botswana,2007,37.4499
Botswana,2008,36.0592
Botswana,2009,32.1327
Botswana,2010,31.1989
Botswana,2011,29.086
Botswana,2012,28.9869
Botswana,2013,27.7511
Botswana,2014,25.3485
Botswana,2015,24.5486
Botswana,2016,22.9024
Botswana,2017,22.3226
Botswana,2018,22.059
Botswana,2019,20.2166
Brazil,2000,4.47
Brazil,2001,4.88
Brazil,2002,4.77
Brazil,2003,4.69
Brazil,2004,4.73
Brazil,2005,4.96
Brazil,2006,4.9
Brazil,2007,5.05
Brazil,2008,5.22
Brazil,2009,5.19
Brazil,2010,5
Brazil,2011,5.19
Brazil,2012,5.29
Brazil,2013,5.41
Brazil,2014,5.4
Brazil,2015,5.6
Brazil,2016,5.67
Brazil,2017,6.19
Brazil,2018,6.51
Brazil,2019,6.41
Brunei,2000,1.72
Brunei,2001,1.29
Brunei,2002,1.5
Brunei,2003,1.57
Brunei,2004,1.78
Brunei,2005,1.94
Brunei,2006,2.43
Brunei,2007,2.21
Brunei,2008,1.81
Brunei,2009,1.58
Brunei,2010,1.14
Brunei,2011,1.66
Brunei,2012,2.18
Brunei,2013,1.82
Brunei,2014,1.7
Brunei,2015,1.63
Brunei,2016,2.38
Brunei,2017,3.25
Brunei,2018,3.04
Brunei,2019,2.54
Bulgaria,2000,14.0476
Bulgaria,2001,13.158
Bulgaria,2002,12.9651
Bulgaria,2003,11.1807
Bulgaria,2004,10.5158
Bulgaria,2005,9.56
Bulgaria,2006,9.46
Bulgaria,2007,8.57
Bulgaria,2008,9.19
Bulgaria,2009,8.51
Bulgaria,2010,8.45
Bulgaria,2011,7.9
Bulgaria,2012,8.75
Bulgaria,2013,7.35
Bulgaria,2014,7.13
Bulgaria,2015,6.77
Bulgaria,2016,6.57
Bulgaria,2017,6.65
Bulgaria,2018,6.6
Bulgaria,2019,6.5
Burkina Faso,2000,16.9273
Burkina Faso,2001,16.3821
Burkina Faso,2002,15.9122
Burkina Faso,2003,15.7815
Burkina Faso,2004,15.8231
Burkina Faso,2005,15.8658
Burkina Faso,2006,15.9392
Burkina Faso,2007,15.8893
Burkina Faso,2008,15.6898
Burkina Faso,2009,15.6952
Burkina Faso,2010,15.818
Burkina Faso,2011,15.6486
Burkina Faso,2012,16.1142
Burkina Faso,2013,16.0877
Burkina Faso,2014,15.6562
Burkina Faso,2015,15.4435
Burkina Faso,2016,15.1557
Burkina Faso,2017,14.8493
Burkina Faso,2018,14.6829
Burkina Faso,2019,14.38
Burundi,2000,23.428
Burundi,2001,21.6382
Burundi,2002,20.5142
Burundi,2003,19.3818
Burundi,2004,18.5496
Burundi,2005,17.9364
Burundi,2006,17.5338
Burundi,2007,16.4842
Burundi,2008,15.6584
Burundi,2009,15.2217
Burundi,2010,14.9155
Burundi,2011,14.5149
Burundi,2012,14.0871
Burundi,2013,13.7528
Burundi,2014,13.139
Burundi,2015,12.7543
Burundi,2016,12.6147
Burundi,2017,12.4632
Burundi,2018,12.313
Burundi,2019,12.1224
Cambodia,2000,6.84
Cambodia,2001,6.76
Cambodia,2002,6.58
Cambodia,2003,6.46
Cambodia,2004,6.6
Cambodia,2005,6.81
Cambodia,2006,6.9
Cambodia,2007,6.89
Cambodia,2008,6.65
Cambodia,2009,6.39
Cambodia,2010,6.34
Cambodia,2011,6.22
Cambodia,2012,6.12
Cambodia,2013,5.96
Cambodia,2014,5.8
Cambodia,2015,5.75
Cambodia,2016,5.75
Cambodia,2017,5.64
Cambodia,2018,5.59
Cambodia,2019,5.49
Cameroon,2000,19.124
Cameroon,2001,19.4279
Cameroon,2002,19.2288
Cameroon,2003,19.4853
Cameroon,2004,19.3703
Cameroon,2005,20.5578
Cameroon,2006,20.9197
Cameroon,2007,20.3976
Cameroon,2008,20.1161
Cameroon,2009,19.9693
Cameroon,2010,19.5067
Cameroon,2011,19.4055
Cameroon,2012,19.1532
Cameroon,2013,18.7119
Cameroon,2014,17.9391
Cameroon,2015,17.0898
Cameroon,2016,16.6157
Cameroon,2017,16.1482
Cameroon,2018,15.9267
Cameroon,2019,15.9215
Canada,2000,10.7058
Canada,2001,10.8584
Canada,2002,10.5269
Canada,2003,10.8902
Canada,2004,10.2712
Canada,2005,10.5804
Canada,2006,9.56
Canada,2007,9.86
Canada,2008,9.88
Canada,2009,10.2376
Canada,2010,10.2561
Canada,2011,9.63
Canada,2012,10.0738
Canada,2013,10.1898
Canada,2014,10.8637
Canada,2015,11.1557
Canada,2016,10.3666
Canada,2017,11.6755
Canada,2018,10.4952
Canada,2019,10.3408
Cape Verde,2000,18.1809
Cape Verde,2001,18.0272
Cape Verde,2002,18.134
Cape Verde,2003,18.1076
Cape Verde,2004,18.2788
Cape Verde,2005,18.4929
Cape Verde,2006,18.1633
Cape Verde,2007,18.1486
Cape Verde,2008,18.3045
Cape Verde,2009,18.4406
Cape Verde,2010,18.4415
Cape Verde,2011,18.21
Cape Verde,2012,17.9833
Cape Verde,2013,17.4557
Cape Verde,2014,16.9074
Cape Verde,2015,16.7314
Cape Verde,2016,16.5303
Cape Verde,2017,16.1628
Cape Verde,2018,15.955
Cape Verde,2019,15.2308
Central African Rep.,2000,32.5032
Central African Rep.,2001,30.7429
Central African Rep.,2002,30.4289
Central African Rep.,2003,29.0621
Central African Rep.,2004,28.047
Central African Rep.,2005,27.2357
Central African Rep.,2006,28.1402
Central African Rep.,2007,27.6996
Central African Rep.,2008,27.2927
Central African Rep.,2009,28.5257
Central African Rep.,2010,28.1199
Central African Rep.,2011,27.5691
Central African Rep.,2012,26.6374
Central African Rep.,2013,26.9504
Central African Rep.,2014,27.5868
Central African Rep.,2015,26.3075
Central African Rep.,2016,25.2506
Central African Rep.,2017,25.7334
Central African Rep.,2018,23.6493
Central African Rep.,2019,22.963
Chad,2000,15.7134
Chad,2001,15.7806
Chad,2002,15.7815
Chad,2003,15.9517
Chad,2004,15.6533
Chad,2005,15.6391
Chad,2006,15.5807
Chad,2007,15.9135
Chad,2008,15.6733
Chad,2009,15.795
Chad,2010,15.9656
Chad,2011,15.8915
Chad,2012,15.6023
Chad,2013,15.1283
Chad,2014,14.5973
Chad,2015,13.9687
Chad,2016,13.6841
Chad,2017,13.7679
Chad,2018,13.5656
Chad,2019,13.2237
Chile,2000,10.5216
Chile,2001,10.3841
Chile,2002,9.68
Chile,2003,9.69
Chile,2004,10.0055
Chile,2005,9.49
Chile,2006,9.72
Chile,2007,10.6458
Chile,2008,11.759
Chile,2009,12.117
Chile,2010,11.0055
Chile,2011,11.0036
Chile,2012,9.86
Chile,2013,9.15
Chile,2014,9.13
Chile,2015,9.17
Chile,2016,9.18
Chile,2017,8.39
Chile,2018,7.96
Chile,2019,8.04
China,2000,14.852
China,2001,13.3406
China,2002,12.5215
China,2003,12.9986
China,2004,13.3901
China,2005,12.8269
China,2006,11.8766
China,2007,11.1017
China,2008,10.5933
China,2009,10.094
China,2010,9.59
China,2011,8.84
China,2012,8.14
China,2013,7.65
China,2014,7.35
China,2015,7.08
China,2016,6.99
China,2017,6.89
China,2018,6.81
China,2019,6.67
Colombia,2000,5.3
Colombia,2001,5.23
Colombia,2002,4.88
Colombia,2003,4.81
Colombia,2004,4.7
Colombia,2005,4.33
Colombia,2006,4.3
Colombia,2007,4.25
Colombia,2008,4.27
Colombia,2009,4.15
Colombia,2010,3.85
Colombia,2011,3.67
Colombia,2012,3.81
Colombia,2013,3.62
Colombia,2014,3.69
Colombia,2015,4.04
Colombia,2016,4.11
Colombia,2017,4.5
Colombia,2018,3.87
Colombia,2019,3.74
Comoros,2000,10.8661
Comoros,2001,10.6348
Comoros,2002,10.2235
Comoros,2003,9.84
Comoros,2004,9.33
Comoros,2005,9.1
Comoros,2006,9.06
Comoros,2007,8.86
Comoros,2008,8.99
Comoros,2009,8.55
Comoros,2010,9.01
Comoros,2011,8.53
Comoros,2012,8.62
Comoros,2013,8.51
Comoros,2014,8.87
Comoros,2015,8.8
Comoros,2016,8.72
Comoros,2017,8.58
Comoros,2018,8.48
Comoros,2019,8.46
Dem. Rep. Congo,2000,24.7479
Dem. Rep. Congo,2001,21.8693
Dem. Rep. Congo,2002,19.7744
Dem. Rep. Congo,2003,18.4116
Dem. Rep. Congo,2004,18.2502
Dem. Rep. Congo,2005,17.3644
Dem. Rep. Congo,2006,17.1553
Dem. Rep. Congo,2007,16.5911
Dem. Rep. Congo,2008,15.9618
Dem. Rep. Congo,2009,16.3023
Dem. Rep. Congo,2010,15.7899
Dem. Rep. Congo,2011,15.3024
Dem. Rep. Congo,2012,15.5041
Dem. Rep. Congo,2013,14.4866
Dem. Rep. Congo,2014,13.5276
Dem. Rep. Congo,2015,12.4629
Dem. Rep. Congo,2016,12.2866
Dem. Rep. Congo,2017,11.894
Dem. Rep. Congo,2018,11.63
Dem. Rep. Congo,2019,11.6181
Costa Rica,2000,6.85
Costa Rica,2001,5.57
Costa Rica,2002,7.25
Costa Rica,2003,8.14
Costa Rica,2004,8.37
Costa Rica,2005,6.69
Costa Rica,2006,8.43
Costa Rica,2007,5.64
Costa Rica,2008,5.49
Costa Rica,2009,5.55
Costa Rica,2010,6.76
Costa Rica,2011,6.7
Costa Rica,2012,6.34
Costa Rica,2013,6.42
Costa Rica,2014,5.35
Costa Rica,2015,6.41
Costa Rica,2016,7.29
Costa Rica,2017,5.79
Costa Rica,2018,6.79
Costa Rica,2019,7.62
Côte d'Ivoire,2000,23.9869
Côte d'Ivoire,2001,22.9329
Côte d'Ivoire,2002,22.0713
Côte d'Ivoire,2003,21.7282
Côte d'Ivoire,2004,21.2081
Côte d'Ivoire,2005,20.3474
Côte d'Ivoire,2006,20.468
Côte d'Ivoire,2007,20.2639
Côte d'Ivoire,2008,19.0004
Côte d'Ivoire,2009,19.4149
Côte d'Ivoire,2010,20.0145
Côte d'Ivoire,2011,19.607
Côte d'Ivoire,2012,19.7371
Côte d'Ivoire,2013,19.4513
Côte d'Ivoire,2014,18.5472
Côte d'Ivoire,2015,17.7148
Côte d'Ivoire,2016,16.9954
Côte d'Ivoire,2017,16.3711
Côte d'Ivoire,2018,15.929
Côte d'Ivoire,2019,15.6586
Croatia,2000,16.2999
Croatia,2001,15.3325
Croatia,2002,14.9037
Croatia,2003,15.1274
Croatia,2004,15.1018
Croatia,2005,15.0349
Croatia,2006,13.7015
Croatia,2007,13.3783
Croatia,2008,13.3629
Croatia,2009,13.2388
Croatia,2010,13.2019
Croatia,2011,11.7574
Croatia,2012,13.1117
Croatia,2013,12.3065
Croatia,2014,12.404
Croatia,2015,12.1535
Croatia,2016,11.4808
Croatia,2017,10.8687
Croatia,2018,11.0976
Croatia,2019,11.0095
Cuba,2000,15.6291
Cuba,2001,13.7217
Cuba,2002,12.9078
Cuba,2003,11.9796
Cuba,2004,12.0165
Cuba,2005,11.1027
Cuba,2006,10.627
Cuba,2007,9.92
Cuba,2008,10.3859
Cuba,2009,11.0787
Cuba,2010,11.4454
Cuba,2011,11.1317
Cuba,2012,10.7399
Cuba,2013,10.6446
Cuba,2014,10.2271
Cuba,2015,10.3608
Cuba,2016,9.73
Cuba,2017,10.5265
Cuba,2018,10.169
Cuba,2019,10.1905
Cyprus,2000,1.92
Cyprus,2001,1.98
Cyprus,2002,2.03
Cyprus,2003,2.06
Cyprus,2004,0.819
Cyprus,2005,2.34
Cyprus,2006,3.22
Cyprus,2007,2.82
Cyprus,2008,5.55
Cyprus,2009,3.99
Cyprus,2010,4.63
Cyprus,2011,3.7
Cyprus,2012,4.9
Cyprus,2013,5.1
Cyprus,2014,4.77
Cyprus,2015,4.17
Cyprus,2016,4.15
Cyprus,2017,3.28
Cyprus,2018,3.64
Cyprus,2019,3.18
Czechia,2000,13.4184
Czechia,2001,13.2271
Czechia,2002,12.3653
Czechia,2003,13.6861
Czechia,2004,13.1212
Czechia,2005,12.6079
Czechia,2006,11.4653
Czechia,2007,11.2489
Czechia,2008,11.326
Czechia,2009,11.829
Czechia,2010,11.926
Czechia,2011,12.8985
Czechia,2012,13.0539
Czechia,2013,12.7652
Czechia,2014,11.6959
Czechia,2015,10.492
Czechia,2016,10.3358
Czechia,2017,11.1969
Czechia,2018,10.8278
Czechia,2019,9.48
Democratic Republic of Dem. Rep. Congo,2000,14.4972
Democratic Republic of Dem. Rep. Congo,2001,14.3679
Democratic Republic of Dem. Rep. Congo,2002,14.2237
Democratic Republic of Dem. Rep. Congo,2003,14.4037
Democratic Republic of Dem. Rep. Congo,2004,14.2258
Democratic Republic of Dem. Rep. Congo,2005,14.0561
Democratic Republic of Dem. Rep. Congo,2006,13.8892
Democratic Republic of Dem. Rep. Congo,2007,13.4235
Democratic Republic of Dem. Rep. Congo,2008,13.4051
Democratic Republic of Dem. Rep. Congo,2009,13.6352
Democratic Republic of Dem. Rep. Congo,2010,13.4972
Democratic Republic of Dem. Rep. Congo,2011,13.3243
Democratic Republic of Dem. Rep. Congo,2012,13.0107
Democratic Republic of Dem. Rep. Congo,2013,12.7731
Democratic Republic of Dem. Rep. Congo,2014,12.5667
Democratic Republic of Dem. Rep. Congo,2015,12.2673
Democratic Republic of Dem. Rep. Congo,2016,12.0872
Democratic Republic of Dem. Rep. Congo,2017,12.0358
Democratic Republic of Dem. Rep. Congo,2018,12.394
Democratic Republic of Dem. Rep. Congo,2019,12.4111
Denmark,2000,12.5031
Denmark,2001,12.3463
Denmark,2002,11.184
Denmark,2003,10.3062
Denmark,2004,11.1146
Denmark,2005,11.0954
Denmark,2006,11.2006
Denmark,2007,9.5
Denmark,2008,10.0425
Denmark,2009,9.81
Denmark,2010,8.92
Denmark,2011,9.67
Denmark,2012,9.82
Denmark,2013,8.98
Denmark,2014,9.09
Denmark,2015,8.07
Denmark,2016,8.24
Denmark,2017,8.28
Denmark,2018,8.18
Denmark,2019,7.63
Djibouti,2000,12.0624
Djibouti,2001,11.7101
Djibouti,2002,11.9616
Djibouti,2003,12.0609
Djibouti,2004,12.1199
Djibouti,2005,12.0215
Djibouti,2006,11.7175
Djibouti,2007,11.5016
Djibouti,2008,11.4388
Djibouti,2009,11.4735
Djibouti,2010,11.7185
Djibouti,2011,11.8374
Djibouti,2012,11.9015
Djibouti,2013,12.1303
Djibouti,2014,12.1898
Djibouti,2015,11.889
Djibouti,2016,12.0823
Djibouti,2017,12.3249
Djibouti,2018,12.1704
Djibouti,2019,11.9485
Dominican Rep.,2000,4.9
Dominican Rep.,2001,4.75
Dominican Rep.,2002,4.9
Dominican Rep.,2003,5.33
Dominican Rep.,2004,5.32
Dominican Rep.,2005,5.59
Dominican Rep.,2006,5.61
Dominican Rep.,2007,5.69
Dominican Rep.,2008,5.61
Dominican Rep.,2009,5.63
Dominican Rep.,2010,5.38
Dominican Rep.,2011,5.5
Dominican Rep.,2012,5.8
Dominican Rep.,2013,6.06
Dominican Rep.,2014,6.59
Dominican Rep.,2015,6.84
Dominican Rep.,2016,6.77
Dominican Rep.,2017,6.02
Dominican Rep.,2018,5.49
Dominican Rep.,2019,5.11
Timor-Leste,2000,4.88
Timor-Leste,2001,4.94
Timor-Leste,2002,4.64
Timor-Leste,2003,4.73
Timor-Leste,2004,4.38
Timor-Leste,2005,4.31
Timor-Leste,2006,3.9
Timor-Leste,2007,3.68
Timor-Leste,2008,3.42
Timor-Leste,2009,4.41
Timor-Leste,2010,4.15
Timor-Leste,2011,4.3
Timor-Leste,2012,4.28
Timor-Leste,2013,4.23
Timor-Leste,2014,4.24
Timor-Leste,2015,4.38
Timor-Leste,2016,4.45
Timor-Leste,2017,4.4
Timor-Leste,2018,4.46
Timor-Leste,2019,4.53
Eastern Mediterranean,2000,7.68
Eastern Mediterranean,2001,7.66
Eastern Mediterranean,2002,7.58
Eastern Mediterranean,2003,7.47
Eastern Mediterranean,2004,7.36
Eastern Mediterranean,2005,7.18
Eastern Mediterranean,2006,7.12
Eastern Mediterranean,2007,7.07
Eastern Mediterranean,2008,6.97
Eastern Mediterranean,2009,6.9
Eastern Mediterranean,2010,6.87
Eastern Mediterranean,2011,6.89
Eastern Mediterranean,2012,6.88
Eastern Mediterranean,2013,6.8
Eastern Mediterranean,2014,6.74
Eastern Mediterranean,2015,6.67
Eastern Mediterranean,2016,6.64
Eastern Mediterranean,2017,6.56
Eastern Mediterranean,2018,6.47
Eastern Mediterranean,2019,6.4
Ecuador,2000,6.84
Ecuador,2001,7.3
Ecuador,2002,8.36
Ecuador,2003,8.89
Ecuador,2004,9.43
Ecuador,2005,10.297
Ecuador,2006,10.3894
Ecuador,2007,10.5366
Ecuador,2008,10.8276
Ecuador,2009,10.7553
Ecuador,2010,10.1807
Ecuador,2011,10.0113
Ecuador,2012,10.2622
Ecuador,2013,9.68
Ecuador,2014,8.9
Ecuador,2015,8.88
Ecuador,2016,9.06
Ecuador,2017,9.26
Ecuador,2018,8.12
Ecuador,2019,7.68
Egypt,2000,3.62
Egypt,2001,3.75
Egypt,2002,3.74
Egypt,2003,3.71
Egypt,2004,3.66
Egypt,2005,3.59
Egypt,2006,3.56
Egypt,2007,3.51
Egypt,2008,3.51
Egypt,2009,3.55
Egypt,2010,3.62
Egypt,2011,3.69
Egypt,2012,3.83
Egypt,2013,3.77
Egypt,2014,3.69
Egypt,2015,3.72
Egypt,2016,3.63
Egypt,2017,3.39
Egypt,2018,3.37
Egypt,2019,3.41
El Salvador,2000,6.73
El Salvador,2001,7.42
El Salvador,2002,5.92
El Salvador,2003,7.22
El Salvador,2004,7.34
El Salvador,2005,8.2
El Salvador,2006,6.99
El Salvador,2007,8.48
El Salvador,2008,7.28
El Salvador,2009,8.95
El Salvador,2010,6.4
El Salvador,2011,8.02
El Salvador,2012,6.97
El Salvador,2013,6.72
El Salvador,2014,5.96
El Salvador,2015,6.78
El Salvador,2016,5.77
El Salvador,2017,6.16
El Salvador,2018,6.07
El Salvador,2019,6.11
Eq. Guinea,2000,19.3515
Eq. Guinea,2001,17.6288
Eq. Guinea,2002,15.8146
Eq. Guinea,2003,15.3122
Eq. Guinea,2004,14.6191
Eq. Guinea,2005,14.1133
Eq. Guinea,2006,14.4147
Eq. Guinea,2007,14.1781
Eq. Guinea,2008,13.9478
Eq. Guinea,2009,13.8911
Eq. Guinea,2010,15.2741
Eq. Guinea,2011,16.6444
Eq. Guinea,2012,15.5275
Eq. Guinea,2013,13.7569
Eq. Guinea,2014,14.2177
Eq. Guinea,2015,15.3251
Eq. Guinea,2016,14.9665
Eq. Guinea,2017,13.1624
Eq. Guinea,2018,14.0611
Eq. Guinea,2019,13.5086
Eritrea,2000,23.4102
Eritrea,2001,22.4824
Eritrea,2002,22.0685
Eritrea,2003,20.7357
Eritrea,2004,20.8794
Eritrea,2005,20.9476
Eritrea,2006,21.1552
Eritrea,2007,20.8319
Eritrea,2008,21.2742
Eritrea,2009,20.8624
Eritrea,2010,20.5266
Eritrea,2011,20.1638
Eritrea,2012,19.7345
Eritrea,2013,19.2427
Eritrea,2014,18.8687
Eritrea,2015,18.6896
Eritrea,2016,18.2967
Eritrea,2017,18.0033
Eritrea,2018,17.8386
Eritrea,2019,17.2563
Estonia,2000,24.9828
Estonia,2001,26.1351
Estonia,2002,25.7641
Estonia,2003,22.3247
Estonia,2004,23.1477
Estonia,2005,19.0512
Estonia,2006,16.8192
Estonia,2007,17.4709
Estonia,2008,16.2408
Estonia,2009,19.2075
Estonia,2010,15.4209
Estonia,2011,14.7455
Estonia,2012,17.1528
Estonia,2013,14.8978
Estonia,2014,16.1584
Estonia,2015,13.3612
Estonia,2016,12.4886
Estonia,2017,15.1706
Estonia,2018,11.5565
Estonia,2019,11.9633
Eswatini,2000,40.5727
Eswatini,2001,45.0845
Eswatini,2002,51.1361
Eswatini,2003,55.4272
Eswatini,2004,57.9217
Eswatini,2005,60.092
Eswatini,2006,64.9321
Eswatini,2007,74.1168
Eswatini,2008,75.816
Eswatini,2009,75.148
Eswatini,2010,70.4886
Eswatini,2011,65.9941
Eswatini,2012,66.2601
Eswatini,2013,62.0203
Eswatini,2014,54.6256
Eswatini,2015,49.1945
Eswatini,2016,46.244
Eswatini,2017,42.9086
Eswatini,2018,40.1303
Eswatini,2019,40.4572
Ethiopia,2000,18.3947
Ethiopia,2001,17.5058
Ethiopia,2002,16.931
Ethiopia,2003,16.3415
Ethiopia,2004,15.7861
Ethiopia,2005,15.3443
Ethiopia,2006,14.8545
Ethiopia,2007,14.517
Ethiopia,2008,14.2423
Ethiopia,2009,13.674
Ethiopia,2010,13.0987
Ethiopia,2011,12.3783
Ethiopia,2012,11.336
Ethiopia,2013,10.4348
Ethiopia,2014,10.0169
Ethiopia,2015,9.98
Ethiopia,2016,9.78
Ethiopia,2017,9.63
Ethiopia,2018,9.54
Ethiopia,2019,9.45
Europe,2000,19.6497
Europe,2001,18.9736
Europe,2002,18.6831
Europe,2003,18.2133
Europe,2004,17.7254
Europe,2005,17.4333
Europe,2006,16.1741
Europe,2007,15.3405
Europe,2008,15.2417
Europe,2009,14.6785
Europe,2010,14.3641
Europe,2011,13.8817
Europe,2012,13.6121
Europe,2013,13.3355
Europe,2014,13.1801
Europe,2015,12.5411
Europe,2016,12.0059
Europe,2017,11.328
Europe,2018,11.0595
Europe,2019,10.5011
Fiji,2000,11.6895
Fiji,2001,11.3599
Fiji,2002,10.9577
Fiji,2003,10.4846
Fiji,2004,10.042
Fiji,2005,10.1552
Fiji,2006,9.86
Fiji,2007,10.0524
Fiji,2008,10.2007
Fiji,2009,10.1623
Fiji,2010,10.1216
Fiji,2011,10.3294
Fiji,2012,10.4986
Fiji,2013,10.5063
Fiji,2014,10.2661
Fiji,2015,10.0142
Fiji,2016,10.0272
Fiji,2017,9.91
Fiji,2018,9.72
Fiji,2019,9.51
Finland,2000,21.7401
Finland,2001,21.1854
Finland,2002,19.1809
Finland,2003,18.9167
Finland,2004,18.8647
Finland,2005,16.8822
Finland,2006,18.2465
Finland,2007,16.9785
Finland,2008,18.1245
Finland,2009,17.8897
Finland,2010,16.4366
Finland,2011,15.6825
Finland,2012,14.9051
Finland,2013,15.0442
Finland,2014,13.6546
Finland,2015,12.1491
Finland,2016,13.2613
Finland,2017,14.3984
Finland,2018,14.4052
Finland,2019,13.4337
France,2000,15.8114
France,2001,15.3714
France,2002,15.5945
France,2003,15.7493
France,2004,15.2886
France,2005,14.8165
France,2006,14.3635
France,2007,13.7779
France,2008,13.9587
France,2009,14.0846
France,2010,13.8879
France,2011,13.5949
France,2012,13.3581
France,2013,12.4953
France,2014,11.4486
France,2015,11.4792
France,2016,10.6987
France,2017,10.4047
France,2018,10.0491
France,2019,9.65
Gabon,2000,19.3581
Gabon,2001,18.313
Gabon,2002,16.8548
Gabon,2003,16.5985
Gabon,2004,15.2137
Gabon,2005,15.6593
Gabon,2006,16.3457
Gabon,2007,16.0022
Gabon,2008,17.3361
Gabon,2009,15.8877
Gabon,2010,15.7736
Gabon,2011,15.775
Gabon,2012,13.9719
Gabon,2013,13.5664
Gabon,2014,15.3877
Gabon,2015,15.1732
Gabon,2016,14.5503
Gabon,2017,13.8497
Gabon,2018,13.5608
Gabon,2019,13.1117
Gambia,2000,11.1432
Gambia,2001,11.328
Gambia,2002,11.4761
Gambia,2003,11.5193
Gambia,2004,11.6273
Gambia,2005,11.4411
Gambia,2006,11.3673
Gambia,2007,11.2333
Gambia,2008,11.2034
Gambia,2009,10.8804
Gambia,2010,10.6435
Gambia,2011,10.9599
Gambia,2012,10.8042
Gambia,2013,10.7078
Gambia,2014,10.5792
Gambia,2015,10.2938
Gambia,2016,9.94
Gambia,2017,9.83
Gambia,2018,9.62
Gambia,2019,9.64
Georgia,2000,6.6
Georgia,2001,6.1
Georgia,2002,7.34
Georgia,2003,5.69
Georgia,2004,6.4
Georgia,2005,5.45
Georgia,2006,5.34
Georgia,2007,5.18
Georgia,2008,6.52
Georgia,2009,7.36
Georgia,2010,6.98
Georgia,2011,7.2
Georgia,2012,7.65
Georgia,2013,8.17
Georgia,2014,8.58
Georgia,2015,8.79
Georgia,2016,9.03
Georgia,2017,8.07
Georgia,2018,7.85
Georgia,2019,7.65
Germany,2000,11.1552
Germany,2001,11.1178
Germany,2002,10.9958
Germany,2003,10.7872
Germany,2004,10.3769
Germany,2005,9.81
Germany,2006,9.25
Germany,2007,8.94
Germany,2008,9.06
Germany,2009,9.13
Germany,2010,9.5
Germany,2011,9.25
Germany,2012,8.98
Germany,2013,9.22
Germany,2014,9.19
Germany,2015,9
Germany,2016,8.82
Germany,2017,8.34
Germany,2018,8.46
Germany,2019,8.27
Ghana,2000,9.75
Ghana,2001,10.4612
Ghana,2002,10.9584
Ghana,2003,11.443
Ghana,2004,11.9059
Ghana,2005,12.1642
Ghana,2006,12.3477
Ghana,2007,12.4245
Ghana,2008,12.8632
Ghana,2009,13.0339
Ghana,2010,13.2592
Ghana,2011,13.1144
Ghana,2012,12.9918
Ghana,2013,12.7869
Ghana,2014,12.4007
Ghana,2015,12.0199
Ghana,2016,11.7367
Ghana,2017,11.3105
Ghana,2018,10.7872
Ghana,2019,10.5411
Greece,2000,2.86
Greece,2001,2.52
Greece,2002,2.29
Greece,2003,2.7
Greece,2004,2.48
Greece,2005,2.87
Greece,2006,2.9
Greece,2007,2.45
Greece,2008,2.63
Greece,2009,2.87
Greece,2010,2.72
Greece,2011,3.51
Greece,2012,3.73
Greece,2013,3.96
Greece,2014,4.04
Greece,2015,3.78
Greece,2016,3.42
Greece,2017,3.79
Greece,2018,3.65
Greece,2019,3.62
Grenada,2000,2.12
Grenada,2001,0.368
Grenada,2002,3.42
Grenada,2003,2.57
Grenada,2004,4.89
Grenada,2005,3.22
Grenada,2006,4.94
Grenada,2007,1.89
Grenada,2008,2.05
Grenada,2009,0.516
Grenada,2010,0.732
Grenada,2011,1.57
Grenada,2012,1.64
Grenada,2013,1.12
Grenada,2014,0.454
Grenada,2015,0.623
Grenada,2016,0.914
Grenada,2017,0.665
Grenada,2018,0.345
Grenada,2019,0.636
Guatemala,2000,13.4838
Guatemala,2001,14.0853
Guatemala,2002,13.6718
Guatemala,2003,13.857
Guatemala,2004,13.9434
Guatemala,2005,14.1607
Guatemala,2006,13.3059
Guatemala,2007,10.3613
Guatemala,2008,9.87
Guatemala,2009,9.46
Guatemala,2010,8.66
Guatemala,2011,7.63
Guatemala,2012,7.01
Guatemala,2013,6.67
Guatemala,2014,6.41
Guatemala,2015,6.4
Guatemala,2016,6.21
Guatemala,2017,6.01
Guatemala,2018,6.31
Guatemala,2019,6.23
Guinea,2000,9.73
Guinea,2001,9.78
Guinea,2002,10.1194
Guinea,2003,10.2338
Guinea,2004,10.436
Guinea,2005,10.4086
Guinea,2006,11.0663
Guinea,2007,11.6582
Guinea,2008,11.7477
Guinea,2009,11.8823
Guinea,2010,12.4656
Guinea,2011,12.784
Guinea,2012,12.9073
Guinea,2013,13.2002
Guinea,2014,12.9658
Guinea,2015,12.9852
Guinea,2016,12.7897
Guinea,2017,12.4731
Guinea,2018,12.2412
Guinea,2019,12.3257
Guinea-Bissau,2000,17.5428
Guinea-Bissau,2001,17.1648
Guinea-Bissau,2002,16.744
Guinea-Bissau,2003,16.2792
Guinea-Bissau,2004,16.2016
Guinea-Bissau,2005,15.6112
Guinea-Bissau,2006,15.4856
Guinea-Bissau,2007,15.4641
Guinea-Bissau,2008,15.5094
Guinea-Bissau,2009,15.6432
Guinea-Bissau,2010,15.3916
Guinea-Bissau,2011,15.0789
Guinea-Bissau,2012,14.6856
Guinea-Bissau,2013,14.7925
Guinea-Bissau,2014,14.1289
Guinea-Bissau,2015,13.0794
Guinea-Bissau,2016,13.1489
Guinea-Bissau,2017,13.0907
Guinea-Bissau,2018,12.9008
Guinea-Bissau,2019,12.3787
Guyana,2000,35.7503
Guyana,2001,39.8643
Guyana,2002,39.767
Guyana,2003,38.1258
Guyana,2004,37.3065
Guyana,2005,35.5762
Guyana,2006,34.9621
Guyana,2007,35.06
Guyana,2008,33.6836
Guyana,2009,36.3115
Guyana,2010,36.3694
Guyana,2011,35.3118
Guyana,2012,37.6222
Guyana,2013,40.7126
Guyana,2014,39.5172
Guyana,2015,39.2983
Guyana,2016,39.6461
Guyana,2017,39.861
Guyana,2018,40.4106
Guyana,2019,40.8524
Haiti,2000,12.7198
Haiti,2001,12.3636
Haiti,2002,12.0916
Haiti,2003,12.0086
Haiti,2004,11.6563
Haiti,2005,11.9895
Haiti,2006,12.1182
Haiti,2007,12.5847
Haiti,2008,12.5859
Haiti,2009,12.7614
Haiti,2010,13.2009
Haiti,2011,12.4551
Haiti,2012,12.1786
Haiti,2013,12.028
Haiti,2014,12.0012
Haiti,2015,11.9741
Haiti,2016,11.6425
Haiti,2017,11.4465
Haiti,2018,11.3724
Haiti,2019,11.1732
High-income,2000,11.9728
High-income,2001,11.8232
High-income,2002,12.0356
High-income,2003,12.2437
High-income,2004,12.0231
High-income,2005,11.9214
High-income,2006,11.574
High-income,2007,11.6427
High-income,2008,11.8913
High-income,2009,12.2354
High-income,2010,12.0951
High-income,2011,12.0642
High-income,2012,11.7762
High-income,2013,11.66
High-income,2014,11.4835
High-income,2015,11.3224
High-income,2016,11.1319
High-income,2017,11.2656
High-income,2018,11.0798
High-income,2019,10.9488
Honduras,2000,3.01
Honduras,2001,2.99
Honduras,2002,3.02
Honduras,2003,3.04
Honduras,2004,2.97
Honduras,2005,2.98
Honduras,2006,2.97
Honduras,2007,2.92
Honduras,2008,2.84
Honduras,2009,2.72
Honduras,2010,2.66
Honduras,2011,2.59
Honduras,2012,3.95
Honduras,2013,3.9
Honduras,2014,4.07
Honduras,2015,4.57
Honduras,2016,2.66
Honduras,2017,2.71
Honduras,2018,2.6
Honduras,2019,2.58
Hungary,2000,26.6231
Hungary,2001,23.7594
Hungary,2002,22.7867
Hungary,2003,21.7934
Hungary,2004,21.5952
Hungary,2005,20.4817
Hungary,2006,19.2226
Hungary,2007,18.8932
Hungary,2008,19.1299
Hungary,2009,19.5367
Hungary,2010,19.168
Hungary,2011,18.9487
Hungary,2012,18.3707
Hungary,2013,16.1359
Hungary,2014,14.9597
Hungary,2015,14.6034
Hungary,2016,13.3416
Hungary,2017,12.6186
Hungary,2018,12.5781
Hungary,2019,11.7749
Iceland,2000,12.6779
Iceland,2001,12.4363
Iceland,2002,11.752
Iceland,2003,12.0091
Iceland,2004,11.4824
Iceland,2005,10.8093
Iceland,2006,11.2559
Iceland,2007,13.4903
Iceland,2008,13.3457
Iceland,2009,12.8799
Iceland,2010,11.7934
Iceland,2011,10.6851
Iceland,2012,12.5297
Iceland,2013,12.4502
Iceland,2014,14.3706
Iceland,2015,13.1691
Iceland,2016,12.2644
Iceland,2017,11.6645
Iceland,2018,10.118
Iceland,2019,11.1504
India,2000,19.0894
India,2001,18.6797
India,2002,18.1643
India,2003,17.2549
India,2004,16.8191
India,2005,17.0138
India,2006,17.1433
India,2007,16.6861
India,2008,16.3159
India,2009,15.5866
India,2010,15.5634
India,2011,15.5038
India,2012,15.0725
India,2013,14.4474
India,2014,13.4931
India,2015,12.9173
India,2016,12.6014
India,2017,12.4847
India,2018,12.8753
India,2019,12.9087
Indonesia,2000,3.79
Indonesia,2001,3.71
Indonesia,2002,3.64
Indonesia,2003,3.55
Indonesia,2004,3.47
Indonesia,2005,3.33
Indonesia,2006,3.22
Indonesia,2007,3.15
Indonesia,2008,3.06
Indonesia,2009,2.98
Indonesia,2010,2.92
Indonesia,2011,2.85
Indonesia,2012,2.76
Indonesia,2013,2.69
Indonesia,2014,2.62
Indonesia,2015,2.57
Indonesia,2016,2.58
Indonesia,2017,2.58
Indonesia,2018,2.56
Indonesia,2019,2.55
Iran,2000,8.04
Iran,2001,7.69
Iran,2002,7.33
Iran,2003,6.75
Iran,2004,6.45
Iran,2005,5.97
Iran,2006,5.68
Iran,2007,5.98
Iran,2008,5.74
Iran,2009,5.71
Iran,2010,5.78
Iran,2011,6.14
Iran,2012,6.16
Iran,2013,6.1
Iran,2014,6.06
Iran,2015,5.96
Iran,2016,5.92
Iran,2017,5.8
Iran,2018,5.49
Iran,2019,5.13
Iraq,2000,5.25
Iraq,2001,5.19
Iraq,2002,5.18
Iraq,2003,5.21
Iraq,2004,5.16
Iraq,2005,5.13
Iraq,2006,5.15
Iraq,2007,5.02
Iraq,2008,4.86
Iraq,2009,5.13
Iraq,2010,5.34
Iraq,2011,5.52
Iraq,2012,5.58
Iraq,2013,5.7
Iraq,2014,5.49
Iraq,2015,5.4
Iraq,2016,5.33
Iraq,2017,5.17
Iraq,2018,4.88
Iraq,2019,4.74
Ireland,2000,12.0547
Ireland,2001,12.4688
Ireland,2002,11.5294
Ireland,2003,11.2587
Ireland,2004,11.0677
Ireland,2005,10.9755
Ireland,2006,10.221
Ireland,2007,10.7603
Ireland,2008,11.4488
Ireland,2009,13.3035
Ireland,2010,11.1685
Ireland,2011,11.8307
Ireland,2012,11.6683
Ireland,2013,10.5032
Ireland,2014,10.5029
Ireland,2015,8.71
Ireland,2016,9.37
Ireland,2017,9.33
Ireland,2018,9.17
Ireland,2019,8.9
Israel,2000,6.76
Israel,2001,6.31
Israel,2002,5.83
Israel,2003,6.4
Israel,2004,6.12
Israel,2005,6.62
Israel,2006,5.47
Israel,2007,5.17
Israel,2008,5.06
Israel,2009,5.91
Israel,2010,6.56
Israel,2011,5.45
Israel,2012,5.99
Israel,2013,5.06
Israel,2014,5.03
Israel,2015,4.45
Israel,2016,5.03
Israel,2017,4.96
Israel,2018,5.26
Israel,2019,5.15
Italy,2000,5.53
Italy,2001,5.37
Italy,2002,5.41
Italy,2003,5.27
Italy,2004,5.14
Italy,2005,4.81
Italy,2006,4.68
Italy,2007,4.7
Italy,2008,4.85
Italy,2009,4.87
Italy,2010,4.82
Italy,2011,5.13
Italy,2012,5.36
Italy,2013,5.27
Italy,2014,5.03
Italy,2015,4.83
Italy,2016,4.35
Italy,2017,4.84
Italy,2018,4.42
Italy,2019,4.33
Jamaica,2000,2.05
Jamaica,2001,2.01
Jamaica,2002,1.95
Jamaica,2003,1.87
Jamaica,2004,1.72
Jamaica,2005,1.6
Jamaica,2006,1.63
Jamaica,2007,1.85
Jamaica,2008,2.29
Jamaica,2009,2.39
Jamaica,2010,1.97
Jamaica,2011,2.28
Jamaica,2012,2.09
Jamaica,2013,2.01
Jamaica,2014,2.18
Jamaica,2015,2.17
Jamaica,2016,2.18
Jamaica,2017,2.19
Jamaica,2018,2.21
Jamaica,2019,2.28
Japan,2000,18.0794
Japan,2001,17.4565
Japan,2002,17.8796
Japan,2003,19.5243
Japan,2004,18.421
Japan,2005,18.8102
Japan,2006,18.443
Japan,2007,19.1411
Japan,2008,19.0277
Japan,2009,19.4888
Japan,2010,18.8135
Japan,2011,18.4317
Japan,2012,17.0166
Japan,2013,16.6925
Japan,2014,15.7798
Japan,2015,14.8941
Japan,2016,13.7491
Japan,2017,13.5067
Japan,2018,13.3694
Japan,2019,12.2413
Jordan,2000,3.5
Jordan,2001,3.37
Jordan,2002,3.2
Jordan,2003,3.13
Jordan,2004,2.99
Jordan,2005,2.75
Jordan,2006,2.56
Jordan,2007,2.37
Jordan,2008,2.22
Jordan,2009,2.09
Jordan,2010,2.02
Jordan,2011,1.98
Jordan,2012,1.96
Jordan,2013,1.89
Jordan,2014,1.86
Jordan,2015,1.85
Jordan,2016,1.86
Jordan,2017,1.87
Jordan,2018,1.94
Jordan,2019,1.98
Kazakhstan,2000,39.4256
Kazakhstan,2001,39.3745
Kazakhstan,2002,38.3135
Kazakhstan,2003,39.049
Kazakhstan,2004,39.2829
Kazakhstan,2005,38.5854
Kazakhstan,2006,37.2296
Kazakhstan,2007,37.2101
Kazakhstan,2008,33.7604
Kazakhstan,2009,29.6119
Kazakhstan,2010,29.4073
Kazakhstan,2011,28.2918
Kazakhstan,2012,27.3275
Kazakhstan,2013,26.1559
Kazakhstan,2014,24.2292
Kazakhstan,2015,23.4201
Kazakhstan,2016,22.0118
Kazakhstan,2017,21.1923
Kazakhstan,2018,19.41
Kazakhstan,2019,18.0523
Kenya,2000,15.8067
Kenya,2001,14.6949
Kenya,2002,13.9079
Kenya,2003,13.198
Kenya,2004,12.2192
Kenya,2005,12.917
Kenya,2006,12.6807
Kenya,2007,13.0081
Kenya,2008,12.7706
Kenya,2009,12.1259
Kenya,2010,11.8535
Kenya,2011,11.7685
Kenya,2012,11.6708
Kenya,2013,11.5654
Kenya,2014,11.0777
Kenya,2015,10.6368
Kenya,2016,10.4524
Kenya,2017,10.598
Kenya,2018,11.0264
Kenya,2019,11.0129
Kiribati,2000,35.6385
Kiribati,2001,35.2601
Kiribati,2002,34.4962
Kiribati,2003,32.4724
Kiribati,2004,31.9915
Kiribati,2005,32.5212
Kiribati,2006,31.463
Kiribati,2007,32.837
Kiribati,2008,33.4458
Kiribati,2009,32.9515
Kiribati,2010,32.6507
Kiribati,2011,32.8519
Kiribati,2012,32.043
Kiribati,2013,32.3412
Kiribati,2014,31.6205
Kiribati,2015,31.5882
Kiribati,2016,31.3791
Kiribati,2017,31.5146
Kiribati,2018,30.271
Kiribati,2019,30.5625
Kuwait,2000,3.1
Kuwait,2001,2.73
Kuwait,2002,2.9
Kuwait,2003,2.69
Kuwait,2004,2.74
Kuwait,2005,2.7
Kuwait,2006,2.72
Kuwait,2007,2.59
Kuwait,2008,2.92
Kuwait,2009,2.68
Kuwait,2010,2.43
Kuwait,2011,2.24
Kuwait,2012,2.31
Kuwait,2013,2.34
Kuwait,2014,2.38
Kuwait,2015,2.4
Kuwait,2016,2.45
Kuwait,2017,2.5
Kuwait,2018,2.56
Kuwait,2019,2.66
Kyrgyzstan,2000,17.5985
Kyrgyzstan,2001,16.4025
Kyrgyzstan,2002,16.1871
Kyrgyzstan,2003,15.1645
Kyrgyzstan,2004,14.208
Kyrgyzstan,2005,14.5488
Kyrgyzstan,2006,14.384
Kyrgyzstan,2007,13.7463
Kyrgyzstan,2008,13.2084
Kyrgyzstan,2009,12.8179
Kyrgyzstan,2010,12.3903
Kyrgyzstan,2011,12.2543
Kyrgyzstan,2012,11.9187
Kyrgyzstan,2013,11.4204
Kyrgyzstan,2014,11.4768
Kyrgyzstan,2015,10.8742
Kyrgyzstan,2016,9.58
Kyrgyzstan,2017,9.23
Kyrgyzstan,2018,8.92
Kyrgyzstan,2019,8.28
Laos,2000,8.65
Laos,2001,8.58
Laos,2002,8.22
Laos,2003,7.97
Laos,2004,7.8
Laos,2005,7.74
Laos,2006,7.58
Laos,2007,7.35
Laos,2008,7.21
Laos,2009,6.99
Laos,2010,6.8
Laos,2011,6.66
Laos,2012,6.4
Laos,2013,6.33
Laos,2014,6.17
Laos,2015,6.2
Laos,2016,6.18
Laos,2017,6.2
Laos,2018,6.18
Laos,2019,5.98
Latvia,2000,29.6331
Latvia,2001,27.5054
Latvia,2002,27.1239
Latvia,2003,24.4578
Latvia,2004,22.053
Latvia,2005,22.0667
Latvia,2006,19.0897
Latvia,2007,16.9967
Latvia,2008,21.6645
Latvia,2009,21.6712
Latvia,2010,18.5949
Latvia,2011,18.1533
Latvia,2012,19.3927
Latvia,2013,16.7007
Latvia,2014,17.1758
Latvia,2015,17.1391
Latvia,2016,17.1457
Latvia,2017,17.1362
Latvia,2018,14.2948
Latvia,2019,16.0631
Lebanon,2000,2.99
Lebanon,2001,2.91
Lebanon,2002,2.88
Lebanon,2003,2.86
Lebanon,2004,2.88
Lebanon,2005,2.89
Lebanon,2006,2.67
Lebanon,2007,2.99
Lebanon,2008,3.01
Lebanon,2009,3.04
Lebanon,2010,3.04
Lebanon,2011,3.06
Lebanon,2012,2.99
Lebanon,2013,3.01
Lebanon,2014,2.84
Lebanon,2015,2.87
Lebanon,2016,2.78
Lebanon,2017,2.99
Lebanon,2018,2.53
Lebanon,2019,2.76
Lesotho,2000,42.604
Lesotho,2001,40.4066
Lesotho,2002,42.5535
Lesotho,2003,45.6768
Lesotho,2004,47.0599
Lesotho,2005,46.7412
Lesotho,2006,55.3566
Lesotho,2007,61.2674
Lesotho,2008,77.7903
Lesotho,2009,84.627
Lesotho,2010,86.8905
Lesotho,2011,91.0699
Lesotho,2012,101.9589
Lesotho,2013,111.4236
Lesotho,2014,116.1953
Lesotho,2015,114.4881
Lesotho,2016,107.1207
Lesotho,2017,96.2889
Lesotho,2018,93.0725
Lesotho,2019,87.4824
Liberia,2000,8.79
Liberia,2001,8.35
Liberia,2002,8.35
Liberia,2003,8.27
Liberia,2004,8.48
Liberia,2005,8.28
Liberia,2006,8.45
Liberia,2007,8.73
Liberia,2008,8.62
Liberia,2009,8.58
Liberia,2010,8.68
Liberia,2011,8.84
Liberia,2012,8.73
Liberia,2013,8.5
Liberia,2014,8.46
Liberia,2015,7.71
Liberia,2016,7.62
Liberia,2017,7.56
Liberia,2018,7.42
Liberia,2019,7.37
Libya,2000,5.3
Libya,2001,5.4
Libya,2002,5.48
Libya,2003,5.34
Libya,2004,4.67
Libya,2005,4.58
Libya,2006,4.48
Libya,2007,5.11
Libya,2008,5.41
Libya,2009,5.65
Libya,2010,5.44
Libya,2011,4.98
Libya,2012,5.55
Libya,2013,4.78
Libya,2014,6.06
Libya,2015,5.48
Libya,2016,4.95
Libya,2017,5.48
Libya,2018,5.7
Libya,2019,4.49
Lithuania,2000,45.7516
Lithuania,2001,42.0958
Lithuania,2002,42.2556
Lithuania,2003,40.1911
Lithuania,2004,38.0845
Lithuania,2005,36.8766
Lithuania,2006,29.7286
Lithuania,2007,29.872
Lithuania,2008,32.6457
Lithuania,2009,33.0874
Lithuania,2010,31.318
Lithuania,2011,31.8499
Lithuania,2012,29.22
Lithuania,2013,33.969
Lithuania,2014,29.4396
Lithuania,2015,28.9273
Lithuania,2016,26.2069
Lithuania,2017,23.4923
Lithuania,2018,21.0806
Lithuania,2019,20.1545
Low-income,2000,13.5735
Low-income,2001,13.1758
Low-income,2002,12.9082
Low-income,2003,12.6814
Low-income,2004,12.4722
Low-income,2005,12.3168
Low-income,2006,12.1803
Low-income,2007,11.929
Low-income,2008,11.8188
Low-income,2009,11.7513
Low-income,2010,11.5959
Low-income,2011,11.3946
Low-income,2012,11.0799
Low-income,2013,10.79
Low-income,2014,10.5216
Low-income,2015,10.3465
Low-income,2016,10.2006
Low-income,2017,10.015
Low-income,2018,9.96
Low-income,2019,9.91
Lower-middle-income,2000,15.0484
Lower-middle-income,2001,14.5909
Lower-middle-income,2002,14.1891
Lower-middle-income,2003,13.6006
Lower-middle-income,2004,13.2752
Lower-middle-income,2005,13.3712
Lower-middle-income,2006,13.2398
Lower-middle-income,2007,12.9822
Lower-middle-income,2008,12.7108
Lower-middle-income,2009,12.2278
Lower-middle-income,2010,12.1041
Lower-middle-income,2011,11.9517
Lower-middle-income,2012,11.6566
Lower-middle-income,2013,11.2582
Lower-middle-income,2014,10.7136
Lower-middle-income,2015,10.3419
Lower-middle-income,2016,10.1169
Lower-middle-income,2017,9.96
Lower-middle-income,2018,10.1059
Lower-middle-income,2019,10.0741
Luxembourg,2000,13.446
Luxembourg,2001,13.52
Luxembourg,2002,13.2191
Luxembourg,2003,12.8518
Luxembourg,2004,9.81
Luxembourg,2005,10.8684
Luxembourg,2006,12.7729
Luxembourg,2007,11.2165
Luxembourg,2008,10.8067
Luxembourg,2009,8.9
Luxembourg,2010,9.62
Luxembourg,2011,9.32
Luxembourg,2012,8.95
Luxembourg,2013,8.83
Luxembourg,2014,10.056
Luxembourg,2015,9.57
Luxembourg,2016,7.55
Luxembourg,2017,7.53
Luxembourg,2018,8.03
Luxembourg,2019,8.62
Madagascar,2000,10.7545
Madagascar,2001,10.5618
Madagascar,2002,10.7751
Madagascar,2003,10.9845
Madagascar,2004,10.9466
Madagascar,2005,10.6813
Madagascar,2006,10.613
Madagascar,2007,10.376
Madagascar,2008,10.2979
Madagascar,2009,10.2052
Madagascar,2010,10.1782
Madagascar,2011,10.1475
Madagascar,2012,9.89
Madagascar,2013,9.79
Madagascar,2014,9.79
Madagascar,2015,9.53
Madagascar,2016,9.47
Madagascar,2017,9.33
Madagascar,2018,9.24
Madagascar,2019,9.18
Malawi,2000,19.2215
Malawi,2001,17.9218
Malawi,2002,16.5388
Malawi,2003,15.6683
Malawi,2004,15.0427
Malawi,2005,14.3227
Malawi,2006,14.8323
Malawi,2007,15.3746
Malawi,2008,15.2269
Malawi,2009,15.8657
Malawi,2010,16.0307
Malawi,2011,14.594
Malawi,2012,13.6973
Malawi,2013,13.0397
Malawi,2014,12.7697
Malawi,2015,12.5862
Malawi,2016,12.2463
Malawi,2017,11.6746
Malawi,2018,11.0418
Malawi,2019,10.5762
Malaysia,2000,6.1
Malaysia,2001,5.83
Malaysia,2002,5.77
Malaysia,2003,5.91
Malaysia,2004,5.81
Malaysia,2005,5.65
Malaysia,2006,5.47
Malaysia,2007,5.33
Malaysia,2008,5.43
Malaysia,2009,5.47
Malaysia,2010,5.3
Malaysia,2011,5.24
Malaysia,2012,5.17
Malaysia,2013,4.9
Malaysia,2014,5.1
Malaysia,2015,5.22
Malaysia,2016,5.37
Malaysia,2017,5.57
Malaysia,2018,5.58
Malaysia,2019,5.77
Maldives,2000,5.3
Maldives,2001,5.08
Maldives,2002,4.69
Maldives,2003,4.55
Maldives,2004,3.83
Maldives,2005,3.83
Maldives,2006,3.77
Maldives,2007,3.57
Maldives,2008,3.49
Maldives,2009,3.29
Maldives,2010,3.05
Maldives,2011,2.88
Maldives,2012,2.88
Maldives,2013,2.8
Maldives,2014,2.88
Maldives,2015,2.95
Maldives,2016,3.15
Maldives,2017,3.11
Maldives,2018,2.92
Maldives,2019,2.76
Mali,2000,8.78
Mali,2001,8.68
Mali,2002,8.65
Mali,2003,8.55
Mali,2004,8.57
Mali,2005,8.75
Mali,2006,8.65
Mali,2007,8.74
Mali,2008,8.86
Mali,2009,8.87
Mali,2010,8.69
Mali,2011,8.68
Mali,2012,8.73
Mali,2013,8.75
Mali,2014,8.65
Mali,2015,8.46
Mali,2016,8.29
Mali,2017,8.04
Mali,2018,7.98
Mali,2019,7.96
Malta,2000,6.01
Malta,2001,6.49
Malta,2002,4.89
Malta,2003,4.48
Malta,2004,4.85
Malta,2005,4.37
Malta,2006,5.83
Malta,2007,4.58
Malta,2008,5.55
Malta,2009,6.12
Malta,2010,6.63
Malta,2011,5.73
Malta,2012,5.1
Malta,2013,5.9
Malta,2014,6.33
Malta,2015,6.55
Malta,2016,5.12
Malta,2017,4.83
Malta,2018,5.28
Malta,2019,5.32
Mauritania,2000,6.39
Mauritania,2001,6.25
Mauritania,2002,6.1
Mauritania,2003,5.93
Mauritania,2004,6.01
Mauritania,2005,5.73
Mauritania,2006,5.75
Mauritania,2007,5.71
Mauritania,2008,5.55
Mauritania,2009,5.56
Mauritania,2010,5.49
Mauritania,2011,5.34
Mauritania,2012,5.53
Mauritania,2013,5.43
Mauritania,2014,5.4
Mauritania,2015,5.33
Mauritania,2016,5.36
Mauritania,2017,5.38
Mauritania,2018,5.42
Mauritania,2019,5.47
Mauritius,2000,11.4715
Mauritius,2001,9.84
Mauritius,2002,10.972
Mauritius,2003,7.64
Mauritius,2004,7.95
Mauritius,2005,8.65
Mauritius,2006,8.99
Mauritius,2007,9.96
Mauritius,2008,6.44
Mauritius,2009,8.6
Mauritius,2010,7.37
Mauritius,2011,8.56
Mauritius,2012,9.23
Mauritius,2013,7.77
Mauritius,2014,9.85
Mauritius,2015,7.51
Mauritius,2016,7.58
Mauritius,2017,9.59
Mauritius,2018,8.19
Mauritius,2019,8.75
Mexico,2000,3.86
Mexico,2001,4.16
Mexico,2002,4.15
Mexico,2003,4.27
Mexico,2004,4.26
Mexico,2005,4.35
Mexico,2006,4.25
Mexico,2007,4.3
Mexico,2008,4.58
Mexico,2009,4.81
Mexico,2010,4.66
Mexico,2011,5.36
Mexico,2012,4.95
Mexico,2013,5.28
Mexico,2014,5.72
Mexico,2015,5.6
Mexico,2016,5.57
Mexico,2017,5.89
Mexico,2018,5.36
Mexico,2019,5.29
Micronesia (country),2000,27.9758
Micronesia (country),2001,27.2588
Micronesia (country),2002,26.2767
Micronesia (country),2003,26.2951
Micronesia (country),2004,27.106
Micronesia (country),2005,27.6475
Micronesia (country),2006,27.3655
Micronesia (country),2007,27.0009
Micronesia (country),2008,27.0045
Micronesia (country),2009,27.0185
Micronesia (country),2010,26.9877
Micronesia (country),2011,27.5216
Micronesia (country),2012,27.5829
Micronesia (country),2013,27.4041
Micronesia (country),2014,27.4072
Micronesia (country),2015,28.3721
Micronesia (country),2016,28.183
Micronesia (country),2017,28.6834
Micronesia (country),2018,29.0654
Micronesia (country),2019,28.9856
Moldova,2000,16.3208
Moldova,2001,17.6774
Moldova,2002,16.5931
Moldova,2003,17.1287
Moldova,2004,16.5744
Moldova,2005,17.0587
Moldova,2006,17.5052
Moldova,2007,15.2802
Moldova,2008,16.8447
Moldova,2009,17.0734
Moldova,2010,17.6363
Moldova,2011,13.2516
Moldova,2012,14.6133
Moldova,2013,14.399
Moldova,2014,14.4705
Moldova,2015,13.6824
Moldova,2016,13.4222
Moldova,2017,12.4382
Moldova,2018,11.877
Moldova,2019,12.1666
Mongolia,2000,23.6307
Mongolia,2001,23.7091
Mongolia,2002,22.8869
Mongolia,2003,23.8369
Mongolia,2004,23.9235
Mongolia,2005,23.9082
Mongolia,2006,23.372
Mongolia,2007,22.9994
Mongolia,2008,22.8988
Mongolia,2009,22.6924
Mongolia,2010,22.3994
Mongolia,2011,21.8693
Mongolia,2012,20.9886
Mongolia,2013,20.4299
Mongolia,2014,19.6032
Mongolia,2015,19.6771
Mongolia,2016,19.8206
Mongolia,2017,19.1132
Mongolia,2018,18.6733
Mongolia,2019,18.0245
Montenegro,2000,18.9392
Montenegro,2001,17.6878
Montenegro,2002,17.8126
Montenegro,2003,18.3353
Montenegro,2004,18.4499
Montenegro,2005,18.7202
Montenegro,2006,19.165
Montenegro,2007,17.5744
Montenegro,2008,17.3188
Montenegro,2009,17.228
Montenegro,2010,16.519
Montenegro,2011,17.0195
Montenegro,2012,17.0613
Montenegro,2013,16.3377
Montenegro,2014,16.3476
Montenegro,2015,16.3497
Montenegro,2016,16.0755
Montenegro,2017,16.2725
Montenegro,2018,16.4483
Montenegro,2019,16.2247
Morocco,2000,10.8468
Morocco,2001,10.7512
Morocco,2002,10.3757
Morocco,2003,10.3425
Morocco,2004,10.214
Morocco,2005,10.0524
Morocco,2006,9.87
Morocco,2007,9.86
Morocco,2008,9.76
Morocco,2009,9.66
Morocco,2010,9.53
Morocco,2011,9.49
Morocco,2012,9.15
Morocco,2013,8.24
Morocco,2014,7.9
Morocco,2015,7.63
Morocco,2016,7.41
Morocco,2017,7.27
Morocco,2018,7.3
Morocco,2019,7.29
Mozambique,2000,20.9055
Mozambique,2001,20.7949
Mozambique,2002,20.8273
Mozambique,2003,20.8772
Mozambique,2004,21.1228
Mozambique,2005,21.4269
Mozambique,2006,21.6195
Mozambique,2007,21.7642
Mozambique,2008,23.0849
Mozambique,2009,24.6401
Mozambique,2010,25.3127
Mozambique,2011,25.8642
Mozambique,2012,26.5421
Mozambique,2013,26.0064
Mozambique,2014,24.6784
Mozambique,2015,23.966
Mozambique,2016,23.3961
Mozambique,2017,23.0908
Mozambique,2018,23.1854
Mozambique,2019,23.1947
Myanmar,2000,5.14
Myanmar,2001,4.86
Myanmar,2002,4.78
Myanmar,2003,4.67
Myanmar,2004,4.63
Myanmar,2005,4.49
Myanmar,2006,4.44
Myanmar,2007,4.23
Myanmar,2008,3.91
Myanmar,2009,3.88
Myanmar,2010,3.75
Myanmar,2011,3.67
Myanmar,2012,3.54
Myanmar,2013,3.46
Myanmar,2014,3.41
Myanmar,2015,3.34
Myanmar,2016,3.33
Myanmar,2017,3.1
Myanmar,2018,2.96
Myanmar,2019,2.96
Namibia,2000,27.4892
Namibia,2001,26.7353
Namibia,2002,26.2867
Namibia,2003,25.4574
Namibia,2004,23.3842
Namibia,2005,24.6886
Namibia,2006,24.5159
Namibia,2007,23.7422
Namibia,2008,19.6556
Namibia,2009,18.4163
Namibia,2010,17.9939
Namibia,2011,16.1368
Namibia,2012,14.5042
Namibia,2013,14.3848
Namibia,2014,15.3179
Namibia,2015,16.2875
Namibia,2016,14.9151
Namibia,2017,15.2243
Namibia,2018,13.7367
Namibia,2019,13.5141
Nepal,2000,10.8651
Nepal,2001,10.3906
Nepal,2002,10.1431
Nepal,2003,9.95
Nepal,2004,9.83
Nepal,2005,9.98
Nepal,2006,9.74
Nepal,2007,9.97
Nepal,2008,10.2096
Nepal,2009,10.4615
Nepal,2010,10.5211
Nepal,2011,10.7315
Nepal,2012,10.5922
Nepal,2013,10.2609
Nepal,2014,9.93
Nepal,2015,9.83
Nepal,2016,9.68
Nepal,2017,9.63
Nepal,2018,9.69
Nepal,2019,9.77
Netherlands,2000,8.09
Netherlands,2001,8.01
Netherlands,2002,8.39
Netherlands,2003,8.01
Netherlands,2004,8.13
Netherlands,2005,8.26
Netherlands,2006,8.08
Netherlands,2007,7.06
Netherlands,2008,7.44
Netherlands,2009,7.78
Netherlands,2010,8.06
Netherlands,2011,8.4
Netherlands,2012,8.88
Netherlands,2013,9.47
Netherlands,2014,9.28
Netherlands,2015,9.31
Netherlands,2016,9.33
Netherlands,2017,9.61
Netherlands,2018,9.09
Netherlands,2019,9.27
New Zealand,2000,12.3659
New Zealand,2001,13.5168
New Zealand,2002,12.1641
New Zealand,2003,12.9546
New Zealand,2004,12.1682
New Zealand,2005,12.5183
New Zealand,2006,12.6349
New Zealand,2007,11.7209
New Zealand,2008,11.8998
New Zealand,2009,10.9379
New Zealand,2010,12.0214
New Zealand,2011,10.989
New Zealand,2012,12.3467
New Zealand,2013,11.5646
New Zealand,2014,10.5879
New Zealand,2015,11.1336
New Zealand,2016,11.5191
New Zealand,2017,12.1421
New Zealand,2018,10.6598
New Zealand,2019,10.2951
Nicaragua,2000,6.28
Nicaragua,2001,6.21
Nicaragua,2002,5.85
Nicaragua,2003,6.65
Nicaragua,2004,6.43
Nicaragua,2005,6.07
Nicaragua,2006,5.27
Nicaragua,2007,5.4
Nicaragua,2008,5.57
Nicaragua,2009,5.47
Nicaragua,2010,5.37
Nicaragua,2011,5.94
Nicaragua,2012,4.86
Nicaragua,2013,5.87
Nicaragua,2014,4.95
Nicaragua,2015,4.47
Nicaragua,2016,4.59
Nicaragua,2017,4.73
Nicaragua,2018,5.04
Nicaragua,2019,4.66
Niger,2000,9.51
Niger,2001,9.78
Niger,2002,9.72
Niger,2003,10.0178
Niger,2004,9.83
Niger,2005,10.1206
Niger,2006,10.0872
Niger,2007,10.2478
Niger,2008,10.1364
Niger,2009,10.2337
Niger,2010,10.3899
Niger,2011,10.438
Niger,2012,10.5799
Niger,2013,10.6638
Niger,2014,10.6526
Niger,2015,10.3889
Niger,2016,10.2239
Niger,2017,10.1516
Niger,2018,10.1255
Niger,2019,10.1456
Nigeria,2000,9.18
Nigeria,2001,9.34
Nigeria,2002,9.21
Nigeria,2003,9.16
Nigeria,2004,9.25
Nigeria,2005,9.21
Nigeria,2006,9.16
Nigeria,2007,9.22
Nigeria,2008,9.14
Nigeria,2009,8.97
Nigeria,2010,8.79
Nigeria,2011,8.65
Nigeria,2012,8.33
Nigeria,2013,8.01
Nigeria,2014,7.59
Nigeria,2015,7.31
Nigeria,2016,7.22
Nigeria,2017,7.06
Nigeria,2018,6.95
Nigeria,2019,6.87
North Korea,2000,10.2866
North Korea,2001,9.93
North Korea,2002,9.84
North Korea,2003,9.43
North Korea,2004,9.23
North Korea,2005,9.04
North Korea,2006,8.95
North Korea,2007,8.93
North Korea,2008,9.2
North Korea,2009,9.13
North Korea,2010,9.19
North Korea,2011,9.24
North Korea,2012,9.09
North Korea,2013,9.12
North Korea,2014,9.13
North Korea,2015,9.47
North Korea,2016,9.24
North Korea,2017,8.65
North Korea,2018,8.19
North Korea,2019,8.2
Macedonia,2000,8.66
Macedonia,2001,11.8735
Macedonia,2002,9
Macedonia,2003,8.27
Macedonia,2004,9.43
Macedonia,2005,7.65
Macedonia,2006,8.47
Macedonia,2007,8.07
Macedonia,2008,7.93
Macedonia,2009,8.11
Macedonia,2010,5.82
Macedonia,2011,5.91
Macedonia,2012,8.15
Macedonia,2013,8.05
Macedonia,2014,7.43
Macedonia,2015,7.28
Macedonia,2016,7.27
Macedonia,2017,7.23
Macedonia,2018,7.22
Macedonia,2019,7.15
Norway,2000,13.0216
Norway,2001,13.1714
Norway,2002,11.014
Norway,2003,10.9631
Norway,2004,11.7382
Norway,2005,11.4446
Norway,2006,11.6463
Norway,2007,10.5516
Norway,2008,10.6264
Norway,2009,11.3734
Norway,2010,10.8932
Norway,2011,11.8475
Norway,2012,9.94
Norway,2013,10.2912
Norway,2014,10.0608
Norway,2015,10.5871
Norway,2016,11.0784
Norway,2017,10.3772
Norway,2018,10.1298
Norway,2019,9.91
Oman,2000,6.71
Oman,2001,6.65
Oman,2002,6.29
Oman,2003,6.43
Oman,2004,6.12
Oman,2005,6.16
Oman,2006,6.45
Oman,2007,6.52
Oman,2008,6.32
Oman,2009,6.02
Oman,2010,6.1
Oman,2011,5.47
Oman,2012,4.85
Oman,2013,4.79
Oman,2014,4.68
Oman,2015,4.7
Oman,2016,4.52
Oman,2017,4.53
Oman,2018,4.37
Oman,2019,4.47
Pakistan,2000,11.1006
Pakistan,2001,11.2005
Pakistan,2002,11.2644
Pakistan,2003,11.2802
Pakistan,2004,11.2073
Pakistan,2005,10.9706
Pakistan,2006,11.0039
Pakistan,2007,10.7349
Pakistan,2008,10.5367
Pakistan,2009,10.3004
Pakistan,2010,10.1605
Pakistan,2011,10.0153
Pakistan,2012,9.97
Pakistan,2013,9.98
Pakistan,2014,9.96
Pakistan,2015,9.96
Pakistan,2016,10.0246
Pakistan,2017,9.98
Pakistan,2018,9.79
Pakistan,2019,9.77
Panama,2000,5.9
Panama,2001,6.16
Panama,2002,5.88
Panama,2003,6.32
Panama,2004,6.07
Panama,2005,5.31
Panama,2006,5.97
Panama,2007,5.15
Panama,2008,5.61
Panama,2009,5.06
Panama,2010,4.33
Panama,2011,3.95
Panama,2012,3.75
Panama,2013,3.54
Panama,2014,4.15
Panama,2015,2.95
Panama,2016,3.35
Panama,2017,3.21
Panama,2018,2.92
Panama,2019,2.86
Papua New Guinea,2000,2.83
Papua New Guinea,2001,3.03
Papua New Guinea,2002,2.98
Papua New Guinea,2003,3.11
Papua New Guinea,2004,3.17
Papua New Guinea,2005,3.19
Papua New Guinea,2006,3.19
Papua New Guinea,2007,3.33
Papua New Guinea,2008,3.28
Papua New Guinea,2009,3.15
Papua New Guinea,2010,3.29
Papua New Guinea,2011,3.29
Papua New Guinea,2012,3.45
Papua New Guinea,2013,3.43
Papua New Guinea,2014,3.62
Papua New Guinea,2015,3.65
Papua New Guinea,2016,3.64
Papua New Guinea,2017,3.5
Papua New Guinea,2018,3.51
Papua New Guinea,2019,3.57
Paraguay,2000,3.64
Paraguay,2001,3.48
Paraguay,2002,3.75
Paraguay,2003,3.71
Paraguay,2004,4.64
Paraguay,2005,4.61
Paraguay,2006,4.6
Paraguay,2007,4.16
Paraguay,2008,3.93
Paraguay,2009,4.74
Paraguay,2010,3.82
Paraguay,2011,4.68
Paraguay,2012,4.7
Paraguay,2013,5.07
Paraguay,2014,5.95
Paraguay,2015,5.85
Paraguay,2016,5.64
Paraguay,2017,6.13
Paraguay,2018,6.1
Paraguay,2019,6.16
Peru,2000,3.43
Peru,2001,3.18
Peru,2002,3.17
Peru,2003,3.24
Peru,2004,3.06
Peru,2005,2.96
Peru,2006,2.89
Peru,2007,2.82
Peru,2008,2.89
Peru,2009,3.44
Peru,2010,3.63
Peru,2011,3.45
Peru,2012,3.32
Peru,2013,3.19
Peru,2014,2.98
Peru,2015,2.77
Peru,2016,2.66
Peru,2017,2.74
Peru,2018,2.74
Peru,2019,2.73
Philippines,2000,2.26
Philippines,2001,1.87
Philippines,2002,2.11
Philippines,2003,2.27
Philippines,2004,2.2
Philippines,2005,2.36
Philippines,2006,2.45
Philippines,2007,2.19
Philippines,2008,2.36
Philippines,2009,2.78
Philippines,2010,2.89
Philippines,2011,3.37
Philippines,2012,2.85
Philippines,2013,2.88
Philippines,2014,2.69
Philippines,2015,2.71
Philippines,2016,2.67
Philippines,2017,2.63
Philippines,2018,2.58
Philippines,2019,2.54
Poland,2000,15.305
Poland,2001,15.2872
Poland,2002,15.2401
Poland,2003,14.909
Poland,2004,15.2488
Poland,2005,15.2212
Poland,2006,14.4866
Poland,2007,13.2654
Poland,2008,14.4118
Poland,2009,16.1071
Poland,2010,15.5079
Poland,2011,14.9836
Poland,2012,15.2859
Poland,2013,15.0567
Poland,2014,14.5016
Poland,2015,13.1516
Poland,2016,11.371
Poland,2017,11.0616
Poland,2018,10.4013
Poland,2019,9.3
Portugal,2000,5.45
Portugal,2001,6.54
Portugal,2002,9.32
Portugal,2003,8.7
Portugal,2004,7.45
Portugal,2005,7.91
Portugal,2006,7.93
Portugal,2007,8.33
Portugal,2008,8.6
Portugal,2009,8.65
Portugal,2010,8.83
Portugal,2011,7.94
Portugal,2012,8.48
Portugal,2013,7.98
Portugal,2014,9.23
Portugal,2015,8.31
Portugal,2016,7.38
Portugal,2017,7.86
Portugal,2018,7.5
Portugal,2019,7.22
Qatar,2000,7.62
Qatar,2001,7.6
Qatar,2002,7.37
Qatar,2003,6.88
Qatar,2004,6.63
Qatar,2005,6.27
Qatar,2006,6.12
Qatar,2007,7.15
Qatar,2008,6.78
Qatar,2009,6.73
Qatar,2010,6.39
Qatar,2011,6.24
Qatar,2012,5.83
Qatar,2013,5.3
Qatar,2014,5.02
Qatar,2015,4.85
Qatar,2016,4.83
Qatar,2017,4.61
Qatar,2018,4.61
Qatar,2019,4.66
Romania,2000,11.3266
Romania,2001,10.7577
Romania,2002,12.3193
Romania,2003,11.5657
Romania,2004,10.7717
Romania,2005,10.1982
Romania,2006,10.6321
Romania,2007,9.44
Romania,2008,9.53
Romania,2009,10.0419
Romania,2010,10.7085
Romania,2011,9.86
Romania,2012,10.3426
Romania,2013,9.86
Romania,2014,8.97
Romania,2015,9.06
Romania,2016,7.76
Romania,2017,7.83
Romania,2018,7.71
Romania,2019,7.33
Russia,2000,48.8886
Russia,2001,47.0948
Russia,2002,46.1071
Russia,2003,45.3522
Russia,2004,43.9183
Russia,2005,43.5635
Russia,2006,39.071
Russia,2007,36.2573
Russia,2008,35.3817
Russia,2009,33.3178
Russia,2010,33.0142
Russia,2011,31.1029
Russia,2012,29.8338
Russia,2013,29.1274
Russia,2014,29.3725
Russia,2015,27.8682
Russia,2016,26.8888
Russia,2017,24.4088
Russia,2018,23.403
Russia,2019,21.5962
Rwanda,2000,25.5557
Rwanda,2001,22.9471
Rwanda,2002,20.7299
Rwanda,2003,18.3562
Rwanda,2004,16.1977
Rwanda,2005,14.9688
Rwanda,2006,14.3087
Rwanda,2007,13.6711
Rwanda,2008,12.9363
Rwanda,2009,12.0584
Rwanda,2010,11.5024
Rwanda,2011,10.9301
Rwanda,2012,10.5559
Rwanda,2013,10.133
Rwanda,2014,10.0719
Rwanda,2015,9.89
Rwanda,2016,9.73
Rwanda,2017,9.62
Rwanda,2018,9.52
Rwanda,2019,9.45
Saint Lucia,2000,8.08
Saint Lucia,2001,8.08
Saint Lucia,2002,7.4
Saint Lucia,2003,7.7
Saint Lucia,2004,7.26
Saint Lucia,2005,7.41
Saint Lucia,2006,7.68
Saint Lucia,2007,7.15
Saint Lucia,2008,7.89
Saint Lucia,2009,7.02
Saint Lucia,2010,7.63
Saint Lucia,2011,6.89
Saint Lucia,2012,8.21
Saint Lucia,2013,7.69
Saint Lucia,2014,8.23
Saint Lucia,2015,7.89
Saint Lucia,2016,6.65
Saint Lucia,2017,7.06
Saint Lucia,2018,7.06
Saint Lucia,2019,6.85
Saint Vincent and the Grenadines,2000,6.45
Saint Vincent and the Grenadines,2001,5.92
Saint Vincent and the Grenadines,2002,7.07
Saint Vincent and the Grenadines,2003,6.42
Saint Vincent and the Grenadines,2004,5.76
Saint Vincent and the Grenadines,2005,9.76
Saint Vincent and the Grenadines,2006,6.16
Saint Vincent and the Grenadines,2007,8.25
Saint Vincent and the Grenadines,2008,4.33
Saint Vincent and the Grenadines,2009,2.69
Saint Vincent and the Grenadines,2010,2.88
Saint Vincent and the Grenadines,2011,5.4
Saint Vincent and the Grenadines,2012,5.31
Saint Vincent and the Grenadines,2013,3.74
Saint Vincent and the Grenadines,2014,1.37
Saint Vincent and the Grenadines,2015,3.31
Saint Vincent and the Grenadines,2016,0.667
Saint Vincent and the Grenadines,2017,0
Saint Vincent and the Grenadines,2018,1.03
Saint Vincent and the Grenadines,2019,1.01
Samoa,2000,16.2619
Samoa,2001,16.1702
Samoa,2002,15.7992
Samoa,2003,15.5852
Samoa,2004,15.1386
Samoa,2005,15.2587
Samoa,2006,15.2547
Samoa,2007,15.1015
Samoa,2008,14.9415
Samoa,2009,13.0091
Samoa,2010,14.8276
Samoa,2011,14.7903
Samoa,2012,14.7515
Samoa,2013,14.1171
Samoa,2014,14.915
Samoa,2015,14.9413
Samoa,2016,15.0343
Samoa,2017,14.753
Samoa,2018,14.7962
Samoa,2019,14.6024
Sao Tome and Principe,2000,2.24
Sao Tome and Principe,2001,2.37
Sao Tome and Principe,2002,2.4
Sao Tome and Principe,2003,1.99
Sao Tome and Principe,2004,2.16
Sao Tome and Principe,2005,2.12
Sao Tome and Principe,2006,2.23
Sao Tome and Principe,2007,2.42
Sao Tome and Principe,2008,2.37
Sao Tome and Principe,2009,2.25
Sao Tome and Principe,2010,2.18
Sao Tome and Principe,2011,2.11
Sao Tome and Principe,2012,2.24
Sao Tome and Principe,2013,2.19
Sao Tome and Principe,2014,2.24
Sao Tome and Principe,2015,2.18
Sao Tome and Principe,2016,2.16
Sao Tome and Principe,2017,2.19
Sao Tome and Principe,2018,2.17
Sao Tome and Principe,2019,2.2
Saudi Arabia,2000,3.84
Saudi Arabia,2001,3.86
Saudi Arabia,2002,3.93
Saudi Arabia,2003,4.02
Saudi Arabia,2004,3.91
Saudi Arabia,2005,4.11
Saudi Arabia,2006,4.33
Saudi Arabia,2007,4.61
Saudi Arabia,2008,4.88
Saudi Arabia,2009,5.23
Saudi Arabia,2010,5.66
Saudi Arabia,2011,6.2
Saudi Arabia,2012,6.41
Saudi Arabia,2013,6.31
Saudi Arabia,2014,6.3
Saudi Arabia,2015,5.95
Saudi Arabia,2016,5.9
Saudi Arabia,2017,5.74
Saudi Arabia,2018,5.57
Saudi Arabia,2019,5.43
Senegal,2000,14.4399
Senegal,2001,13.9308
Senegal,2002,13.7296
Senegal,2003,13.6116
Senegal,2004,13.44
Senegal,2005,13.2644
Senegal,2006,13.0258
Senegal,2007,12.5297
Senegal,2008,12.662
Senegal,2009,12.3892
Senegal,2010,12.3702
Senegal,2011,12.1244
Senegal,2012,12.1954
Senegal,2013,12.1181
Senegal,2014,11.9703
Senegal,2015,11.8126
Senegal,2016,11.529
Senegal,2017,11.3654
Senegal,2018,11.1611
Senegal,2019,10.9934
Serbia,2000,18.9131
Serbia,2001,17.7717
Serbia,2002,17.8467
Serbia,2003,17.0463
Serbia,2004,16.6941
Serbia,2005,15.6407
Serbia,2006,14.9956
Serbia,2007,14.4261
Serbia,2008,13.9863
Serbia,2009,14.7962
Serbia,2010,12.4184
Serbia,2011,13.1718
Serbia,2012,13.2804
Serbia,2013,13.0321
Serbia,2014,12.0196
Serbia,2015,11.6904
Serbia,2016,10.5786
Serbia,2017,0.325
Serbia,2018,7.86
Serbia,2019,7.86
Seychelles,2000,9.76
Seychelles,2001,9.61
Seychelles,2002,8.84
Seychelles,2003,9.13
Seychelles,2004,9.33
Seychelles,2005,8.43
Seychelles,2006,8.11
Seychelles,2007,7.55
Seychelles,2008,7.71
Seychelles,2009,7.29
Seychelles,2010,7.42
Seychelles,2011,7.46
Seychelles,2012,7.33
Seychelles,2013,7.3
Seychelles,2014,7.52
Seychelles,2015,7.65
Seychelles,2016,7.64
Seychelles,2017,7.93
Seychelles,2018,7.87
Seychelles,2019,7.73
Sierra Leone,2000,10.133
Sierra Leone,2001,10.463
Sierra Leone,2002,10.7355
Sierra Leone,2003,10.9991
Sierra Leone,2004,10.9578
Sierra Leone,2005,10.9332
Sierra Leone,2006,11.6672
Sierra Leone,2007,11.6656
Sierra Leone,2008,11.831
Sierra Leone,2009,11.932
Sierra Leone,2010,12.158
Sierra Leone,2011,11.741
Sierra Leone,2012,11.8355
Sierra Leone,2013,11.3464
Sierra Leone,2014,10.9548
Sierra Leone,2015,10.5273
Sierra Leone,2016,10.8334
Sierra Leone,2017,10.9394
Sierra Leone,2018,11.1969
Sierra Leone,2019,11.2529
Singapore,2000,11.4247
Singapore,2001,10.5715
Singapore,2002,11.2662
Singapore,2003,11.0737
Singapore,2004,10.3364
Singapore,2005,9.96
Singapore,2006,9.9
Singapore,2007,9.37
Singapore,2008,8.78
Singapore,2009,9.03
Singapore,2010,8.23
Singapore,2011,7.86
Singapore,2012,9.16
Singapore,2013,8.49
Singapore,2014,8.22
Singapore,2015,7.56
Singapore,2016,7.3
Singapore,2017,7.25
Singapore,2018,7.76
Singapore,2019,9.65
Slovakia,2000,12.6265
Slovakia,2001,12.342
Slovakia,2002,12.7431
Slovakia,2003,13.0133
Slovakia,2004,11.8638
Slovakia,2005,11.5608
Slovakia,2006,12.2289
Slovakia,2007,11.7253
Slovakia,2008,10.4985
Slovakia,2009,10.5405
Slovakia,2010,11.1371
Slovakia,2011,10.412
Slovakia,2012,10.2145
Slovakia,2013,9.92
Slovakia,2014,10.0166
Slovakia,2015,9.8
Slovakia,2016,9.66
Slovakia,2017,9.55
Slovakia,2018,9.43
Slovakia,2019,9.31
Slovenia,2000,25.6394
Slovenia,2001,24.6156
Slovenia,2002,22.9425
Slovenia,2003,23.1098
Slovenia,2004,22.288
Slovenia,2005,20.6436
Slovenia,2006,20.9718
Slovenia,2007,17.0211
Slovenia,2008,15.6328
Slovenia,2009,16.7768
Slovenia,2010,15.5552
Slovenia,2011,15.4581
Slovenia,2012,15.8963
Slovenia,2013,16.1595
Slovenia,2014,14.3636
Slovenia,2015,14.7524
Slovenia,2016,14.2867
Slovenia,2017,14.2857
Slovenia,2018,12.7934
Slovenia,2019,13.9658
Solomon Islands,2000,17.374
Solomon Islands,2001,17.0509
Solomon Islands,2002,17.2145
Solomon Islands,2003,17.5812
Solomon Islands,2004,16.4648
Solomon Islands,2005,16.7872
Solomon Islands,2006,16.7964
Solomon Islands,2007,18.0593
Solomon Islands,2008,18.7253
Solomon Islands,2009,18.6979
Solomon Islands,2010,18.5955
Solomon Islands,2011,18.5433
Solomon Islands,2012,18.3922
Solomon Islands,2013,18.1866
Solomon Islands,2014,18.1
Solomon Islands,2015,17.9402
Solomon Islands,2016,17.8308
Solomon Islands,2017,17.8095
Solomon Islands,2018,17.7358
Solomon Islands,2019,17.3741
Somalia,2000,16.7819
Somalia,2001,16.5234
Somalia,2002,16.5714
Somalia,2003,16.6439
Somalia,2004,16.8265
Somalia,2005,16.6061
Somalia,2006,16.1585
Somalia,2007,15.8534
Somalia,2008,16.0076
Somalia,2009,15.9523
Somalia,2010,15.3846
Somalia,2011,15.3156
Somalia,2012,15.2787
Somalia,2013,15.1999
Somalia,2014,15.1599
Somalia,2015,15.026
Somalia,2016,14.8291
Somalia,2017,14.8685
Somalia,2018,14.807
Somalia,2019,14.6618
South Africa,2000,26.5553
South Africa,2001,26.9215
South Africa,2002,28.0224
South Africa,2003,28.6676
South Africa,2004,27.91
South Africa,2005,27.456
South Africa,2006,26.5351
South Africa,2007,27.4165
South Africa,2008,29.43
South Africa,2009,29.2416
South Africa,2010,26.9164
South Africa,2011,24.4307
South Africa,2012,24.6346
South Africa,2013,25.1173
South Africa,2014,25.2779
South Africa,2015,25.5519
South Africa,2016,25.3077
South Africa,2017,25.8377
South Africa,2018,24.3895
South Africa,2019,23.4856
South Korea,2000,13.8954
South Korea,2001,14.776
South Korea,2002,17.8095
South Korea,2003,22.2741
South Korea,2004,23.0826
South Korea,2005,23.9716
South Korea,2006,20.7773
South Korea,2007,23.2415
South Korea,2008,24.3824
South Korea,2009,28.7773
South Korea,2010,27.9763
South Korea,2011,27.8899
South Korea,2012,24.0125
South Korea,2013,23.8405
South Korea,2014,22.421
South Korea,2015,21.2004
South Korea,2016,20.4869
South Korea,2017,19.3101
South Korea,2018,21.272
South Korea,2019,21.1625
S. Sudan,2000,7.89
S. Sudan,2001,7.44
S. Sudan,2002,7.26
S. Sudan,2003,7.26
S. Sudan,2004,7.23
S. Sudan,2005,7.1
S. Sudan,2006,7.08
S. Sudan,2007,7
S. Sudan,2008,6.86
S. Sudan,2009,6.71
S. Sudan,2010,6.64
S. Sudan,2011,6.61
S. Sudan,2012,6.71
S. Sudan,2013,6.47
S. Sudan,2014,6.22
S. Sudan,2015,6.41
S. Sudan,2016,6.48
S. Sudan,2017,6.41
S. Sudan,2018,6.65
S. Sudan,2019,6.69
South-East Asia,2000,15.108
South-East Asia,2001,14.653
South-East Asia,2002,14.2571
South-East Asia,2003,13.6019
South-East Asia,2004,13.2902
South-East Asia,2005,13.4261
South-East Asia,2006,13.3598
South-East Asia,2007,13.0381
South-East Asia,2008,12.7169
South-East Asia,2009,12.2716
South-East Asia,2010,12.2352
South-East Asia,2011,12.1036
South-East Asia,2012,11.747
South-East Asia,2013,11.2576
South-East Asia,2014,10.5754
South-East Asia,2015,10.2029
South-East Asia,2016,9.99
South-East Asia,2017,9.9
South-East Asia,2018,10.1695
South-East Asia,2019,10.2034
Spain,2000,6.56
Spain,2001,6.09
Spain,2002,6.31
Spain,2003,6.42
Spain,2004,6.42
Spain,2005,5.97
Spain,2006,5.57
Spain,2007,5.4
Spain,2008,5.78
Spain,2009,5.62
Spain,2010,5.05
Spain,2011,5.1
Spain,2012,5.63
Spain,2013,6.16
Spain,2014,6.21
Spain,2015,5.64
Spain,2016,5.54
Spain,2017,5.77
Spain,2018,5.38
Spain,2019,5.28
Sri Lanka,2000,27.425
Sri Lanka,2001,22.3786
Sri Lanka,2002,21.4607
Sri Lanka,2003,21.1961
Sri Lanka,2004,22.084
Sri Lanka,2005,28.5767
Sri Lanka,2006,18.4051
Sri Lanka,2007,20.0794
Sri Lanka,2008,17.4714
Sri Lanka,2009,22.7246
Sri Lanka,2010,21.8653
Sri Lanka,2011,17.8453
Sri Lanka,2012,16.4027
Sri Lanka,2013,14.9791
Sri Lanka,2014,12.7173
Sri Lanka,2015,14.6994
Sri Lanka,2016,14.1734
Sri Lanka,2017,13.6742
Sri Lanka,2018,13.2443
Sri Lanka,2019,12.8878
Sudan,2000,5.56
Sudan,2001,5.44
Sudan,2002,5.45
Sudan,2003,5.35
Sudan,2004,5.29
Sudan,2005,5.39
Sudan,2006,5.3
Sudan,2007,5.23
Sudan,2008,5.19
Sudan,2009,5.22
Sudan,2010,5.15
Sudan,2011,5.28
Sudan,2012,5.09
Sudan,2013,5.11
Sudan,2014,4.99
Sudan,2015,4.89
Sudan,2016,4.84
Sudan,2017,4.8
Sudan,2018,4.81
Sudan,2019,4.76
Suriname,2000,24.9606
Suriname,2001,27.5454
Suriname,2002,27.6779
Suriname,2003,27.3584
Suriname,2004,26.6292
Suriname,2005,26.993
Suriname,2006,27.2895
Suriname,2007,27.006
Suriname,2008,26.7012
Suriname,2009,26.5298
Suriname,2010,27.4213
Suriname,2011,26.0196
Suriname,2012,26.823
Suriname,2013,26.5354
Suriname,2014,25.9423
Suriname,2015,25.9135
Suriname,2016,25.4738
Suriname,2017,25.3709
Suriname,2018,26.2315
Suriname,2019,25.8913
Sweden,2000,12.2091
Sweden,2001,12.7629
Sweden,2002,12.6244
Sweden,2003,11.6806
Sweden,2004,11.9388
Sweden,2005,12.6871
Sweden,2006,12.0839
Sweden,2007,11.9026
Sweden,2008,12.3568
Sweden,2009,13.0935
Sweden,2010,12.0096
Sweden,2011,11.9985
Sweden,2012,12.2529
Sweden,2013,13.0353
Sweden,2014,12.284
Sweden,2015,13.0223
Sweden,2016,12.151
Sweden,2017,12.4964
Sweden,2018,12.6869
Sweden,2019,12.3731
Switzerland,2000,15.885
Switzerland,2001,15.0322
Switzerland,2002,15.9825
Switzerland,2003,13.8352
Switzerland,2004,13.6458
Switzerland,2005,14.0588
Switzerland,2006,13.9023
Switzerland,2007,13.9892
Switzerland,2008,13.4787
Switzerland,2009,12.1026
Switzerland,2010,10.5405
Switzerland,2011,10.5108
Switzerland,2012,10.4915
Switzerland,2013,10.7044
Switzerland,2014,10.0112
Switzerland,2015,10.5012
Switzerland,2016,9.76
Switzerland,2017,10.3683
Switzerland,2018,9.88
Switzerland,2019,9.83
Syria,2000,2.01
Syria,2001,1.91
Syria,2002,1.9
Syria,2003,1.8
Syria,2004,1.8
Syria,2005,1.78
Syria,2006,1.75
Syria,2007,1.77
Syria,2008,1.81
Syria,2009,1.79
Syria,2010,1.81
Syria,2011,1.8
Syria,2012,1.89
Syria,2013,2.01
Syria,2014,2.06
Syria,2015,1.95
Syria,2016,1.83
Syria,2017,1.98
Syria,2018,2.1
Syria,2019,2.11
Tajikistan,2000,5.08
Tajikistan,2001,4.83
Tajikistan,2002,4.63
Tajikistan,2003,4.55
Tajikistan,2004,4.55
Tajikistan,2005,4.71
Tajikistan,2006,4.74
Tajikistan,2007,4.81
Tajikistan,2008,4.86
Tajikistan,2009,4.9
Tajikistan,2010,4.98
Tajikistan,2011,5.06
Tajikistan,2012,5.08
Tajikistan,2013,5.04
Tajikistan,2014,5.11
Tajikistan,2015,5.19
Tajikistan,2016,5.38
Tajikistan,2017,5.29
Tajikistan,2018,5.29
Tajikistan,2019,5.32
Tanzania,2000,15.5627
Tanzania,2001,14.2068
Tanzania,2002,12.7867
Tanzania,2003,11.8894
Tanzania,2004,10.8707
Tanzania,2005,10.2962
Tanzania,2006,10.2632
Tanzania,2007,10.4346
Tanzania,2008,11.0268
Tanzania,2009,10.573
Tanzania,2010,9.81
Tanzania,2011,9.32
Tanzania,2012,8.45
Tanzania,2013,8.64
Tanzania,2014,8.25
Tanzania,2015,8.23
Tanzania,2016,8.32
Tanzania,2017,8.15
Tanzania,2018,8.04
Tanzania,2019,8.15
Thailand,2000,11.5867
Thailand,2001,10.4546
Thailand,2002,10.4458
Thailand,2003,10.1546
Thailand,2004,9.89
Thailand,2005,8.52
Thailand,2006,8.26
Thailand,2007,7.74
Thailand,2008,7.42
Thailand,2009,7.27
Thailand,2010,7.29
Thailand,2011,7.17
Thailand,2012,7.03
Thailand,2013,6.59
Thailand,2014,6.87
Thailand,2015,7.15
Thailand,2016,7.59
Thailand,2017,7.49
Thailand,2018,7.9
Thailand,2019,7.95
Togo,2000,17.2777
Togo,2001,17.7435
Togo,2002,18.0774
Togo,2003,18.5727
Togo,2004,18.6924
Togo,2005,18.7534
Togo,2006,19.1923
Togo,2007,19.0472
Togo,2008,18.8896
Togo,2009,18.4733
Togo,2010,18.2
Togo,2011,18.1197
Togo,2012,18.0192
Togo,2013,17.7882
Togo,2014,17.4088
Togo,2015,16.6917
Togo,2016,15.9711
Togo,2017,15.3976
Togo,2018,14.8774
Togo,2019,14.8097
Tonga,2000,5.13
Tonga,2001,5.1
Tonga,2002,5
Tonga,2003,5.08
Tonga,2004,5.01
Tonga,2005,4.79
Tonga,2006,4.73
Tonga,2007,4.8
Tonga,2008,4.71
Tonga,2009,5.06
Tonga,2010,5.34
Tonga,2011,5.21
Tonga,2012,5.25
Tonga,2013,5.27
Tonga,2014,5.35
Tonga,2015,5.3
Tonga,2016,4.77
Tonga,2017,4.78
Tonga,2018,4.57
Tonga,2019,4.37
Trinidad and Tobago,2000,16.1939
Trinidad and Tobago,2001,16.0512
Trinidad and Tobago,2002,14.8517
Trinidad and Tobago,2003,12.9026
Trinidad and Tobago,2004,12.5825
Trinidad and Tobago,2005,12.046
Trinidad and Tobago,2006,10.6948
Trinidad and Tobago,2007,10.5013
Trinidad and Tobago,2008,12.774
Trinidad and Tobago,2009,10.421
Trinidad and Tobago,2010,10.5916
Trinidad and Tobago,2011,9.2
Trinidad and Tobago,2012,8.86
Trinidad and Tobago,2013,10.143
Trinidad and Tobago,2014,9.83
Trinidad and Tobago,2015,9.54
Trinidad and Tobago,2016,9.23
Trinidad and Tobago,2017,8.96
Trinidad and Tobago,2018,8.5
Trinidad and Tobago,2019,8.28
Tunisia,2000,3.9
Tunisia,2001,3.89
Tunisia,2002,3.88
Tunisia,2003,3.85
Tunisia,2004,3.78
Tunisia,2005,3.69
Tunisia,2006,3.65
Tunisia,2007,3.57
Tunisia,2008,3.47
Tunisia,2009,3.43
Tunisia,2010,3.37
Tunisia,2011,3.29
Tunisia,2012,3.24
Tunisia,2013,3.17
Tunisia,2014,3.1
Tunisia,2015,3.03
Tunisia,2016,2.98
Tunisia,2017,3.01
Tunisia,2018,3.09
Tunisia,2019,3.18
Turkey,2000,4.21
Turkey,2001,3.87
Turkey,2002,3.43
Turkey,2003,3.3
Turkey,2004,3.16
Turkey,2005,2.96
Turkey,2006,2.79
Turkey,2007,2.6
Turkey,2008,2.47
Turkey,2009,2.47
Turkey,2010,2.47
Turkey,2011,2.28
Turkey,2012,2.24
Turkey,2013,2.27
Turkey,2014,2.3
Turkey,2015,2.26
Turkey,2016,2.26
Turkey,2017,2.26
Turkey,2018,2.25
Turkey,2019,2.34
Turkmenistan,2000,13.8483
Turkmenistan,2001,14.6926
Turkmenistan,2002,15.1619
Turkmenistan,2003,15.3098
Turkmenistan,2004,15.1896
Turkmenistan,2005,15.8141
Turkmenistan,2006,15.5066
Turkmenistan,2007,13.5964
Turkmenistan,2008,11.6897
Turkmenistan,2009,9.6
Turkmenistan,2010,8.65
Turkmenistan,2011,7.82
Turkmenistan,2012,7.36
Turkmenistan,2013,7.42
Turkmenistan,2014,7.11
Turkmenistan,2015,6.62
Turkmenistan,2016,6.59
Turkmenistan,2017,6.23
Turkmenistan,2018,6.09
Turkmenistan,2019,6.07
Uganda,2000,21.6512
Uganda,2001,21.059
Uganda,2002,20.4827
Uganda,2003,20.3826
Uganda,2004,20.5185
Uganda,2005,20.8355
Uganda,2006,20.1469
Uganda,2007,17.683
Uganda,2008,16.0662
Uganda,2009,15.4791
Uganda,2010,14.6431
Uganda,2011,14.4737
Uganda,2012,13.2268
Uganda,2013,12.3833
Uganda,2014,11.3989
Uganda,2015,11.0416
Uganda,2016,11.0628
Uganda,2017,10.3393
Uganda,2018,10.2516
Uganda,2019,10.4467
Ukraine,2000,33.4823
Ukraine,2001,31.206
Ukraine,2002,30.5497
Ukraine,2003,28.9604
Ukraine,2004,28.3656
Ukraine,2005,28.2715
Ukraine,2006,25.6015
Ukraine,2007,26.3741
Ukraine,2008,25.9038
Ukraine,2009,21.8127
Ukraine,2010,20.1696
Ukraine,2011,18.9459
Ukraine,2012,19.0152
Ukraine,2013,18.6574
Ukraine,2014,20.3935
Ukraine,2015,17.8746
Ukraine,2016,17.5641
Ukraine,2017,16.9397
Ukraine,2018,17.9939
Ukraine,2019,17.7287
United Arab Emirates,2000,8.01
United Arab Emirates,2001,7.89
United Arab Emirates,2002,7.36
United Arab Emirates,2003,6.8
United Arab Emirates,2004,6.78
United Arab Emirates,2005,6.76
United Arab Emirates,2006,6.92
United Arab Emirates,2007,6.82
United Arab Emirates,2008,6.69
United Arab Emirates,2009,6.58
United Arab Emirates,2010,6.42
United Arab Emirates,2011,6.29
United Arab Emirates,2012,6.13
United Arab Emirates,2013,5.91
United Arab Emirates,2014,5.6
United Arab Emirates,2015,5.25
United Arab Emirates,2016,4.97
United Arab Emirates,2017,4.78
United Arab Emirates,2018,5.01
United Arab Emirates,2019,5.24
United Kingdom,2000,7.74
United Kingdom,2001,7.5
United Kingdom,2002,7.48
United Kingdom,2003,7.03
United Kingdom,2004,7.23
United Kingdom,2005,6.94
United Kingdom,2006,6.89
United Kingdom,2007,6.71
United Kingdom,2008,7.26
United Kingdom,2009,7.15
United Kingdom,2010,6.95
United Kingdom,2011,7.42
United Kingdom,2012,7.36
United Kingdom,2013,7.71
United Kingdom,2014,7.64
United Kingdom,2015,7.81
United Kingdom,2016,7.62
United Kingdom,2017,7.24
United Kingdom,2018,7.08
United Kingdom,2019,6.88
United States,2000,10.0171
United States,2001,10.3324
United States,2002,10.6292
United States,2003,10.5701
United States,2004,10.7899
United States,2005,10.6918
United States,2006,10.9617
United States,2007,11.1877
United States,2008,11.3954
United States,2009,11.4196
United States,2010,11.7231
United States,2011,12.0052
United States,2012,12.0604
United States,2013,12.0375
United States,2014,12.3954
United States,2015,12.8624
United States,2016,13.6503
United States,2017,14.4114
United States,2018,14.0916
United States,2019,14.5111
Upper-middle-income,2000,14.4054
Upper-middle-income,2001,13.4287
Upper-middle-income,2002,12.8643
Upper-middle-income,2003,12.9725
Upper-middle-income,2004,12.9763
Upper-middle-income,2005,12.5268
Upper-middle-income,2006,11.6191
Upper-middle-income,2007,10.9531
Upper-middle-income,2008,10.5979
Upper-middle-income,2009,10.1413
Upper-middle-income,2010,9.75
Upper-middle-income,2011,9.2
Upper-middle-income,2012,8.71
Upper-middle-income,2013,8.35
Upper-middle-income,2014,8.2
Upper-middle-income,2015,7.94
Upper-middle-income,2016,7.82
Upper-middle-income,2017,7.66
Upper-middle-income,2018,7.52
Upper-middle-income,2019,7.28
Uruguay,2000,14.4975
Uruguay,2001,13.2267
Uruguay,2002,17.8998
Uruguay,2003,14.1555
Uruguay,2004,13.8695
Uruguay,2005,13.256
Uruguay,2006,13.7935
Uruguay,2007,15.7926
Uruguay,2008,13.512
Uruguay,2009,13.3725
Uruguay,2010,14.2563
Uruguay,2011,15.024
Uruguay,2012,16.0975
Uruguay,2013,14.1573
Uruguay,2014,15.7673
Uruguay,2015,16.6639
Uruguay,2016,18.7011
Uruguay,2017,18.5447
Uruguay,2018,18.8463
Uruguay,2019,18.8276
Uzbekistan,2000,12.0487
Uzbekistan,2001,11.7327
Uzbekistan,2002,11.2971
Uzbekistan,2003,10.3873
Uzbekistan,2004,9.81
Uzbekistan,2005,10.2239
Uzbekistan,2006,9.59
Uzbekistan,2007,9.25
Uzbekistan,2008,8.9
Uzbekistan,2009,8.22
Uzbekistan,2010,8.3
Uzbekistan,2011,8.57
Uzbekistan,2012,8.98
Uzbekistan,2013,8.92
Uzbekistan,2014,9.03
Uzbekistan,2015,9.2
Uzbekistan,2016,9.21
Uzbekistan,2017,8.92
Uzbekistan,2018,8.73
Uzbekistan,2019,8.28
Vanuatu,2000,23.2167
Vanuatu,2001,22.7801
Vanuatu,2002,22.845
Vanuatu,2003,22.4725
Vanuatu,2004,21.9375
Vanuatu,2005,21.415
Vanuatu,2006,22.1798
Vanuatu,2007,21.956
Vanuatu,2008,21.6982
Vanuatu,2009,22.48
Vanuatu,2010,22.1485
Vanuatu,2011,21.7596
Vanuatu,2012,21.9367
Vanuatu,2013,21.7553
Vanuatu,2014,21.1436
Vanuatu,2015,21.1806
Vanuatu,2016,20.9953
Vanuatu,2017,21.091
Vanuatu,2018,21.093
Vanuatu,2019,20.9647
Venezuela,2000,6.35
Venezuela,2001,6.52
Venezuela,2002,6.18
Venezuela,2003,5.6
Venezuela,2004,5.06
Venezuela,2005,4.77
Venezuela,2006,4.29
Venezuela,2007,4.04
Venezuela,2008,3.74
Venezuela,2009,3.4
Venezuela,2010,3.6
Venezuela,2011,3.81
Venezuela,2012,3.41
Venezuela,2013,2.61
Venezuela,2014,2.26
Venezuela,2015,2.37
Venezuela,2016,2.29
Venezuela,2017,2.24
Venezuela,2018,2.21
Venezuela,2019,2.1
Vietnam,2000,7.17
Vietnam,2001,7.09
Vietnam,2002,6.98
Vietnam,2003,6.95
Vietnam,2004,7.01
Vietnam,2005,6.94
Vietnam,2006,7.04
Vietnam,2007,7.21
Vietnam,2008,7.35
Vietnam,2009,7.31
Vietnam,2010,7.3
Vietnam,2011,7.39
Vietnam,2012,7.52
Vietnam,2013,7.53
Vietnam,2014,7.64
Vietnam,2015,7.61
Vietnam,2016,7.58
Vietnam,2017,7.5
Vietnam,2018,7.37
Vietnam,2019,7.22
Western Pacific,2000,14.043
Western Pacific,2001,12.8108
Western Pacific,2002,12.2667
Western Pacific,2003,12.8083
Western Pacific,2004,12.9559
Western Pacific,2005,12.5305
Western Pacific,2006,11.6746
Western Pacific,2007,11.2101
Western Pacific,2008,10.8169
Western Pacific,2009,10.5757
Western Pacific,2010,10.1047
Western Pacific,2011,9.51
Western Pacific,2012,8.77
Western Pacific,2013,8.38
Western Pacific,2014,8.04
Western Pacific,2015,7.75
Western Pacific,2016,7.55
Western Pacific,2017,7.42
Western Pacific,2018,7.38
Western Pacific,2019,7.19
World,2000,14.0308
World,2001,13.4142
World,2002,13.0788
World,2003,12.9576
World,2004,12.8021
World,2005,12.6183
World,2006,12.1118
World,2007,11.7488
World,2008,11.5547
World,2009,11.2806
World,2010,11.0494
World,2011,10.7467
World,2012,10.3638
World,2013,10.0409
World,2014,9.72
World,2015,9.43
World,2016,9.23
World,2017,9.11
World,2018,9.09
World,2019,8.96
Yemen,2000,8.51
Yemen,2001,8.41
Yemen,2002,8.21
Yemen,2003,8.09
Yemen,2004,8.12
Yemen,2005,7.97
Yemen,2006,7.82
Yemen,2007,7.73
Yemen,2008,7.81
Yemen,2009,7.63
Yemen,2010,7.35
Yemen,2011,7.2
Yemen,2012,7.21
Yemen,2013,7.11
Yemen,2014,7.03
Yemen,2015,6.8
Yemen,2016,6.98
Yemen,2017,6.86
Yemen,2018,7.09
Yemen,2019,7.06
Zambia,2000,24.0347
Zambia,2001,22.6923
Zambia,2002,22.3213
Zambia,2003,21.5137
Zambia,2004,22.4683
Zambia,2005,22.1279
Zambia,2006,21.8164
Zambia,2007,19.8376
Zambia,2008,19.0079
Zambia,2009,19.02
Zambia,2010,19.7074
Zambia,2011,19.8241
Zambia,2012,18.5188
Zambia,2013,17.9084
Zambia,2014,17.7448
Zambia,2015,17.2602
Zambia,2016,16.7134
Zambia,2017,16.6746
Zambia,2018,15.8985
Zambia,2019,14.4258
Zimbabwe,2000,19.9764
Zimbabwe,2001,19.5311
Zimbabwe,2002,20.3409
Zimbabwe,2003,20.232
Zimbabwe,2004,21.4657
Zimbabwe,2005,21.9666
Zimbabwe,2006,21.9746
Zimbabwe,2007,27.2252
Zimbabwe,2008,31.6979
Zimbabwe,2009,35.2436
Zimbabwe,2010,35.0142
Zimbabwe,2011,34.3032
Zimbabwe,2012,33.0652
Zimbabwe,2013,31.3951
Zimbabwe,2014,30.833
Zimbabwe,2015,30.7352
Zimbabwe,2016,28.6973
Zimbabwe,2017,25.8514
Zimbabwe,2018,23.8676
Zimbabwe,2019,23.6286
